packet_id,entity,exposure_basis_usd,source_form,category,accession,source_uri
adjudication:5ea1a60d89f416f3,"Blackstone Real Estate Income Trust, Inc",60000000000.0,other,GENUINE_no_party_in_excerpt,000166297226000055,https://www.sec.gov/Archives/edgar/data/1662972/000166297226000055/breitnavmarch2026a.htm
adjudication:5f3bcb340c99fd49,"Blackstone Real Estate Income Trust, Inc",60000000000.0,other,GENUINE_no_party_in_excerpt,000166297226000055,https://www.sec.gov/Archives/edgar/data/1662972/000166297226000055/breitnavmarch2026a.htm
adjudication:5f572aecf3c38bea,MGM Resorts International,23400000000.0,other,GENUINE_no_party_in_excerpt,000119312526129074,https://www.sec.gov/Archives/edgar/data/789570/000119312526129074/d899213ddef14a.htm
adjudication:cb36e31a47d3cafc,FIFTH THIRD BANCORP,22000000000.0,other,GENUINE_no_party_in_excerpt,000119312526091842,https://www.sec.gov/Archives/edgar/data/35527/000119312526091842/d18278dex992.htm
adjudication:978480b90131ebdc,"BREAD FINANCIAL HOLDINGS, INC.",18084000000.0,other,GENUINE_no_party_in_excerpt,000110121525000130,https://www.sec.gov/Archives/edgar/data/1101215/000110121525000130/exhibit992slides7-24x25.htm
adjudication:42a77007b115ebce,"BREAD FINANCIAL HOLDINGS, INC.",18084000000.0,other,GENUINE_no_party_in_excerpt,000110121525000130,https://www.sec.gov/Archives/edgar/data/1101215/000110121525000130/exhibit992slides7-24x25.htm
adjudication:3b917bbdef5ac8cc,"MiniMed Group, Inc.",18000000000.0,other,RE_EXTRACT_named_party_in_quote,000162828026003281,https://www.sec.gov/Archives/edgar/data/2062583/000162828026003281/minimedgroupincs-1a1.htm
adjudication:5cc2fa2445681386,"MiniMed Group, Inc.",18000000000.0,other,GENUINE_no_party_in_excerpt,000162828025058231,https://www.sec.gov/Archives/edgar/data/2062583/000162828025058231/minimedgroupincs-1.htm
adjudication:8ffba54a8a8339a0,SIMMONS FIRST NATIONAL CORP,17900000000.0,other,GENUINE_no_party_in_excerpt,000119312526159123,https://www.sec.gov/Archives/edgar/data/90498/000119312526159123/d102541dex992.htm
adjudication:36dc7d95c5144fc0,SIMMONS FIRST NATIONAL CORP,17500000000.0,other,GENUINE_no_party_in_excerpt,000119312526016672,https://www.sec.gov/Archives/edgar/data/90498/000119312526016672/d25716dex992.htm
adjudication:35324fd88e2ac41a,"NRG ENERGY, INC.",15700000000.0,other,GENUINE_no_party_in_excerpt,000101387126000010,https://www.sec.gov/Archives/edgar/data/1013871/000101387126000010/nrgq12026ex991.htm
adjudication:b4c609cf97d83f36,BANK OF HAWAII CORP,13500000000.0,other,GENUINE_no_party_in_excerpt,000004619525000034,https://www.sec.gov/Archives/edgar/data/46195/000004619525000034/ex992earningsslides09302.htm
adjudication:5e42a0cc6ea0cb52,"Blackstone Real Estate Income Trust, Inc",12000000000.0,other,GENUINE_no_party_in_excerpt,000166297225000154,https://www.sec.gov/Archives/edgar/data/1662972/000166297225000154/breitnavaugust2025.htm
adjudication:0a5112905bf699d3,"Blackstone Real Estate Income Trust, Inc",12000000000.0,other,GENUINE_no_party_in_excerpt,000166297226000039,https://www.sec.gov/Archives/edgar/data/1662972/000166297226000039/breitnavfebruary2026a.htm
adjudication:fee4f2237f06bd13,"Blackstone Real Estate Income Trust, Inc",12000000000.0,other,GENUINE_no_party_in_excerpt,000166297225000199,https://www.sec.gov/Archives/edgar/data/1662972/000166297225000199/breitnavnovember2025.htm
adjudication:4a18f058e5fca54c,"Blackstone Real Estate Income Trust, Inc",12000000000.0,other,GENUINE_no_party_in_excerpt,000166297226000021,https://www.sec.gov/Archives/edgar/data/1662972/000166297226000021/breitnavjanuary2026.htm
adjudication:0a6dd975a4fb9707,"Blackstone Real Estate Income Trust, Inc",12000000000.0,other,GENUINE_no_party_in_excerpt,000166297226000039,https://www.sec.gov/Archives/edgar/data/1662972/000166297226000039/breitnavfebruary2026a.htm
adjudication:9214c1f306802224,AGREE REALTY CORP,11900000000.0,other,GENUINE_no_party_in_excerpt,000110465925037417,https://www.sec.gov/Archives/edgar/data/917251/000110465925037417/tm2512810d1_ex99-2.htm
adjudication:ba38f858744087ff,ENTERPRISE FINANCIAL SERVICES CORP,11800000000.0,other,GENUINE_no_party_in_excerpt,000102583526000023,https://www.sec.gov/Archives/edgar/data/1025835/000102583526000023/ex991financialstatementsan.htm
adjudication:5298e0af2e61dd00,ENTERPRISE FINANCIAL SERVICES CORP,11500000000.0,other,GENUINE_no_party_in_excerpt,000102583525000205,https://www.sec.gov/Archives/edgar/data/1025835/000102583525000205/ex991financialstatementsan.htm
adjudication:ebd478bd5ca5d47f,AerCap Holdings N.V.,11300000000.0,424B,GENUINE_no_party_in_excerpt,000119312525210071,https://www.sec.gov/Archives/edgar/data/1378789/000119312525210071/d925611d424b3.htm
adjudication:ff29fd7efa3c36e5,"Venture Global, Inc.",11250000000.0,other,GENUINE_no_party_in_excerpt,000200785526000018,https://www.sec.gov/Archives/edgar/data/2007855/000200785526000018/vg-20260313.htm
adjudication:d75ae7195baf7d4f,Broadcom Inc.,11200000000.0,other,GENUINE_no_party_in_excerpt,000119312525200108,https://www.sec.gov/Archives/edgar/data/1730168/000119312525200108/d80277dex991.htm
adjudication:61fae3571d5152f6,CHIMERA INVESTMENT CORP,10600000000.0,424B,GENUINE_no_party_in_excerpt,000119312525198858,https://www.sec.gov/Archives/edgar/data/1409493/000119312525198858/d28997d424b5.htm
adjudication:cd69137389acfbfa,CHIMERA INVESTMENT CORP,10600000000.0,424B,GENUINE_no_party_in_excerpt,000119312525198858,https://www.sec.gov/Archives/edgar/data/1409493/000119312525198858/d28997d424b5.htm
adjudication:1b5290b44a4d4a5f,AMERICAN ELECTRIC POWER CO INC,10000000000.0,424B,GENUINE_no_party_in_excerpt,000000490425000185,https://www.sec.gov/Archives/edgar/data/4904/000000490425000185/a12-2025aep424b5jsds.htm
adjudication:b66e127e652b9df0,AMERICAN ELECTRIC POWER CO INC,10000000000.0,424B,GENUINE_no_party_in_excerpt,000000490425000193,https://www.sec.gov/Archives/edgar/data/4904/000000490425000193/a12-2025aep424b2jsds.htm
adjudication:3694cfd54f65ef05,"ConnectOne Bancorp, Inc.",9600000000.0,424B,GENUINE_no_party_in_excerpt,000110465925049074,https://www.sec.gov/Archives/edgar/data/712771/000110465925049074/tm2514591-1_424b5.htm
adjudication:e0f2aeea6d89b306,"BROWN & BROWN, INC.",9400000000.0,8-K,FETCH_syndicate_roster,000119312525138153,https://www.sec.gov/Archives/edgar/data/79282/000119312525138153/d32630d8k.htm
adjudication:387ee9af29ac624c,"BROWN & BROWN, INC.",9400000000.0,8-K,FETCH_syndicate_roster,000119312525138153,https://www.sec.gov/Archives/edgar/data/79282/000119312525138153/d32630d8k.htm
adjudication:6e6a82b741e5e61c,"NRG ENERGY, INC.",9300000000.0,other,GENUINE_no_party_in_excerpt,000101387126000010,https://www.sec.gov/Archives/edgar/data/1013871/000101387126000010/nrgq12026ex991.htm
adjudication:06d1219875e0d408,Keurig Dr Pepper Inc.,9000000000.0,other,GENUINE_no_party_in_excerpt,000119312526064353,https://www.sec.gov/Archives/edgar/data/1418135/000119312526064353/d897620dex991.htm
adjudication:640a110a2e6b8b57,Keurig Dr Pepper Inc.,9000000000.0,other,GENUINE_no_party_in_excerpt,000119312526064353,https://www.sec.gov/Archives/edgar/data/1418135/000119312526064353/d897620dex991.htm
adjudication:3c64b6215971c7ab,"CoreWeave, Inc.",8500000000.0,other,GENUINE_no_party_in_excerpt,000176962826000129,https://www.sec.gov/Archives/edgar/data/1769628/000176962826000129/ex991.htm
adjudication:acf6b4cf8e1e82e9,Liberty Global Ltd.,8500000000.0,other,GENUINE_no_party_in_excerpt,000157058526000070,https://www.sec.gov/Archives/edgar/data/1570585/000157058526000070/ex991lgq12026pressrelease.htm
adjudication:50a2564356c96626,SIMON PROPERTY GROUP INC.,8500000000.0,other,GENUINE_no_party_in_excerpt,000110465926024152,https://www.sec.gov/Archives/edgar/data/1063761/000110465926024152/tm268081d1_ex99-3.htm
adjudication:3fd9913070df1079,Broadcom Inc.,8000000000.0,other,GENUINE_no_party_in_excerpt,000114036124032566,https://www.sec.gov/Archives/edgar/data/1730168/000114036124032566/ny20032136x1_ex99-1.htm
adjudication:b5d54eb2e19ca749,ATMOS ENERGY CORP,8000000000.0,424B,GENUINE_no_party_in_excerpt,000119312525141133,https://www.sec.gov/Archives/edgar/data/731802/000119312525141133/d71115d424b5.htm
adjudication:e7e1c31885b85333,ATMOS ENERGY CORP,8000000000.0,424B,GENUINE_no_party_in_excerpt,000119312525206900,https://www.sec.gov/Archives/edgar/data/731802/000119312525206900/d872259d424b5.htm
adjudication:459b5fffd0075dfa,"Apollo Global Management, Inc.",7864000000.0,424B,RE_EXTRACT_named_party_in_quote,000119312525175021,https://www.sec.gov/Archives/edgar/data/1858681/000119312525175021/d51293d424b5.htm
adjudication:ee7d138828761569,"MFA FINANCIAL, INC.",7600000000.0,other,GENUINE_no_party_in_excerpt,000110465926055306,https://www.sec.gov/Archives/edgar/data/1055160/000110465926055306/tm2613487d1_ex99-1.htm
adjudication:72e753ba55029729,SIMON PROPERTY GROUP INC.,7500000000.0,other,GENUINE_no_party_in_excerpt,000110465926058646,https://www.sec.gov/Archives/edgar/data/1063761/000110465926058646/tm2611645d2_ex99-1.htm
adjudication:0af89c297c0691cb,"Pinnacle Financial Partners, Inc.",7300000000.0,other,GENUINE_no_party_in_excerpt,000208286626000039,https://www.sec.gov/Archives/edgar/data/2082866/000208286626000039/exhibit992filing_present.htm
adjudication:9a040ca7c86636ac,"MFA FINANCIAL, INC.",6900000000.0,other,GENUINE_no_party_in_excerpt,000110465925107456,https://www.sec.gov/Archives/edgar/data/1055160/000110465925107456/tm2530279d1_ex99-1.htm
adjudication:664e6c33ca557a28,"MFA FINANCIAL, INC.",6900000000.0,other,GENUINE_no_party_in_excerpt,000110465925074532,https://www.sec.gov/Archives/edgar/data/1055160/000110465925074532/tm2522565d1_ex99-1.htm
adjudication:42e6b621b7bb4b09,"MFA FINANCIAL, INC.",6900000000.0,other,GENUINE_no_party_in_excerpt,000110465925044845,https://www.sec.gov/Archives/edgar/data/1055160/000110465925044845/tm2513956d1_ex99-1.htm
adjudication:b9871c9907cd8383,Alibaba Group Holding Ltd,6500000000.0,EX-4_exhibit,GENUINE_no_party_in_excerpt,000119312526231755,https://www.sec.gov/Archives/edgar/data/1577552/000119312526231755/baba-ex4_20.htm
adjudication:43c43b73ff5b6fc0,Alibaba Group Holding Ltd,6500000000.0,EX-4_exhibit,GENUINE_no_party_in_excerpt,000119312526231755,https://www.sec.gov/Archives/edgar/data/1577552/000119312526231755/baba-ex4_20.htm
adjudication:130339f6921cd46e,"NRG ENERGY, INC.",6400000000.0,other,GENUINE_no_party_in_excerpt,000101387126000010,https://www.sec.gov/Archives/edgar/data/1013871/000101387126000010/nrgq12026ex991.htm
adjudication:c7b9cb21e1e77451,"NRG ENERGY, INC.",6400000000.0,other,GENUINE_no_party_in_excerpt,000101387126000010,https://www.sec.gov/Archives/edgar/data/1013871/000101387126000010/nrgq12026ex991.htm
adjudication:90615f8254829fe5,ROYAL CARIBBEAN CRUISES LTD,6350000000.0,other,GENUINE_no_party_in_excerpt,000110465925049588,https://www.sec.gov/Archives/edgar/data/884887/000110465925049588/tm2515165d1_ex99-1.htm
adjudication:815b6d77b0a377b0,"HARLEY-DAVIDSON, INC.",6000000000.0,other,GENUINE_no_party_in_excerpt,000110465925105891,https://www.sec.gov/Archives/edgar/data/793952/000110465925105891/tm2530006d1_ex99-1.htm
adjudication:182a0bb4b8f6c27e,"Merck & Co., Inc.",6000000000.0,other,GENUINE_no_party_in_excerpt,000162828026035810,https://www.sec.gov/Archives/edgar/data/310158/000162828026035810/merck-preliminaryprospectu.htm
adjudication:54f109f8a9d3c5dd,"Merck & Co., Inc.",6000000000.0,other,GENUINE_no_party_in_excerpt,000162828026035810,https://www.sec.gov/Archives/edgar/data/310158/000162828026035810/merck-preliminaryprospectu.htm
adjudication:3974a606c5c2c822,GE Vernova Inc.,6000000000.0,other,GENUINE_no_party_in_excerpt,000199681025000074,https://www.sec.gov/Archives/edgar/data/1996810/000199681025000074/gev10-q1q25xprospectus.htm
adjudication:2ec51df1e1f83520,Talen Energy Corp,5900000000.0,other,GENUINE_no_party_in_excerpt,000162253625000037,https://www.sec.gov/Archives/edgar/data/1622536/000162253625000037/ex99120251125pressreleasec.htm
adjudication:8c9da11346bb7233,"MFA FINANCIAL, INC.",5800000000.0,other,GENUINE_no_party_in_excerpt,000110465925015002,https://www.sec.gov/Archives/edgar/data/1055160/000110465925015002/tm256786d1_ex99-1.htm
adjudication:9a08541263452ec0,"Kennedy-Wilson Holdings, Inc.",5800000000.0,424B,GENUINE_no_party_in_excerpt,000140810026000080,https://www.sec.gov/Archives/edgar/data/1408100/000140810026000080/kw20251231424b3.htm
adjudication:30bdfd68b1d66ebb,"Lumen Technologies, Inc.",5750000000.0,8-K,GENUINE_no_party_in_excerpt,000119312526032635,https://www.sec.gov/Archives/edgar/data/18926/000119312526032635/d25850d8k.htm
adjudication:00835be8d83f8e23,GLOBAL PAYMENTS INC,5700000000.0,other,GENUINE_no_party_in_excerpt,000112336026000040,https://www.sec.gov/Archives/edgar/data/1123360/000112336026000040/ex991worldpay2025financials.htm
adjudication:67499f96bfcc1c06,GLOBAL PAYMENTS INC,5700000000.0,other,GENUINE_no_party_in_excerpt,000112336025000082,https://www.sec.gov/Archives/edgar/data/1123360/000112336025000082/ex992worldpay2024financials.htm
adjudication:9788c8c741fbb545,GLOBAL PAYMENTS INC,5700000000.0,other,GENUINE_no_party_in_excerpt,000112336025000082,https://www.sec.gov/Archives/edgar/data/1123360/000112336025000082/ex993worldpayq32025financi.htm
adjudication:53768fa2b7d95e46,ArcelorMittal,5500000000.0,424B,RE_EXTRACT_named_party_in_quote,000110465926060180,https://www.sec.gov/Archives/edgar/data/1243429/000110465926060180/tm267064-5_424b5.htm
adjudication:5775197bc271a8be,ArcelorMittal,5500000000.0,424B,RE_EXTRACT_named_party_in_quote,000110465926059170,https://www.sec.gov/Archives/edgar/data/1243429/000110465926059170/tm267064-1_424b5.htm
adjudication:5b7820ca1e75f6e0,ArcelorMittal,5500000000.0,424B,RE_EXTRACT_named_party_in_quote,000110465926059170,https://www.sec.gov/Archives/edgar/data/1243429/000110465926059170/tm267064-1_424b5.htm
adjudication:925b750e1d851822,ArcelorMittal,5500000000.0,424B,RE_EXTRACT_named_party_in_quote,000110465926060180,https://www.sec.gov/Archives/edgar/data/1243429/000110465926060180/tm267064-5_424b5.htm
adjudication:b654f397aa04b920,ARES CAPITAL CORP,5400000000.0,other,GENUINE_no_party_in_excerpt,000128775025000044,https://www.sec.gov/Archives/edgar/data/1287750/000128775025000044/arccq3-2025exhibit991.htm
adjudication:56b05e1b318db9ed,Vertiv Holdings Co,5400000000.0,other,GENUINE_no_party_in_excerpt,000119312526088484,https://www.sec.gov/Archives/edgar/data/1674101/000119312526088484/d105148dex991.htm
adjudication:2a85daafd5542cd4,ARES CAPITAL CORP,5283000000.0,other,GENUINE_no_party_in_excerpt,000110465925053693,https://www.sec.gov/Archives/edgar/data/1287750/000110465925053693/arcc-20250527xn2.htm
adjudication:ae8b1a4bb7600549,ARES CAPITAL CORP,5283000000.0,other,GENUINE_no_party_in_excerpt,000110465925053693,https://www.sec.gov/Archives/edgar/data/1287750/000110465925053693/arcc-20250527xn2.htm
adjudication:992584db02e77817,ARES CAPITAL CORP,5200000000.0,other,GENUINE_no_party_in_excerpt,000128775025000044,https://www.sec.gov/Archives/edgar/data/1287750/000128775025000044/arccq3-2025exhibit991.htm
adjudication:e975591e557e3b64,SIMON PROPERTY GROUP INC.,5000000000.0,other,GENUINE_no_party_in_excerpt,000110465926024152,https://www.sec.gov/Archives/edgar/data/1063761/000110465926024152/tm268081d1_ex99-3.htm
adjudication:088e199f74c68c61,SIMON PROPERTY GROUP INC.,5000000000.0,other,GENUINE_no_party_in_excerpt,000110465926058646,https://www.sec.gov/Archives/edgar/data/1063761/000110465926058646/tm2611645d2_ex99-1.htm
adjudication:94e8cfea48a8eec8,SIMON PROPERTY GROUP INC.,5000000000.0,other,GENUINE_no_party_in_excerpt,000110465926024152,https://www.sec.gov/Archives/edgar/data/1063761/000110465926024152/tm268081d1_ex99-3.htm
adjudication:14cda064e2156034,HUMANA INC,5000000000.0,other,GENUINE_no_party_in_excerpt,000162828026015011,https://www.sec.gov/Archives/edgar/data/49071/000162828026015011/humana-preliminaryprosupp.htm
adjudication:170c189ef14643f6,SIMON PROPERTY GROUP INC.,5000000000.0,8-K,GENUINE_no_party_in_excerpt,000110465926024152,https://www.sec.gov/Archives/edgar/data/1063761/000110465926024152/tm268081d1_8k.htm
adjudication:2f6aac27896e2366,SIMON PROPERTY GROUP INC.,5000000000.0,8-K,GENUINE_no_party_in_excerpt,000110465926024152,https://www.sec.gov/Archives/edgar/data/1063761/000110465926024152/tm268081d1_8k.htm
adjudication:ef04c4edfe718111,SIMON PROPERTY GROUP INC.,5000000000.0,other,GENUINE_no_party_in_excerpt,000110465926058646,https://www.sec.gov/Archives/edgar/data/1063761/000110465926058646/tm2611645d2_ex99-1.htm
adjudication:9e9c78e284adcb54,KIMCO REALTY CORP,4958500000.0,other,GENUINE_no_party_in_excerpt,000119312526193907,https://www.sec.gov/Archives/edgar/data/879101/000119312526193907/kim-ex99_1.htm
adjudication:b78aed2e030787b5,LAS VEGAS SANDS CORP,4890000000.0,other,GENUINE_no_party_in_excerpt,000130051425000157,https://www.sec.gov/Archives/edgar/data/1300514/000130051425000157/lvs_ex991x09302025.htm
adjudication:bb22ad21ac3b128f,LAS VEGAS SANDS CORP,4890000000.0,other,GENUINE_no_party_in_excerpt,000130051425000157,https://www.sec.gov/Archives/edgar/data/1300514/000130051425000157/lvs_ex991x09302025.htm
adjudication:ca5827594c7bf158,Energy Transfer LP,4840000000.0,other,GENUINE_no_party_in_excerpt,000127618725000008,https://www.sec.gov/Archives/edgar/data/1276187/000127618725000008/et12312024ex991er.htm
adjudication:5b369242773ca497,LAS VEGAS SANDS CORP,4840000000.0,other,GENUINE_no_party_in_excerpt,000130051426000004,https://www.sec.gov/Archives/edgar/data/1300514/000130051426000004/lvs_ex991x12312025.htm
adjudication:62a655c5370e61c2,LAS VEGAS SANDS CORP,4840000000.0,other,GENUINE_no_party_in_excerpt,000130051426000004,https://www.sec.gov/Archives/edgar/data/1300514/000130051426000004/lvs_ex991x12312025.htm
adjudication:0b6bdf6ff454b59b,Energy Transfer LP,4840000000.0,other,GENUINE_no_party_in_excerpt,000127618725000008,https://www.sec.gov/Archives/edgar/data/1276187/000127618725000008/et12312024ex991er.htm
adjudication:2faf31454332a0fe,ITT INC.,4775000000.0,other,GENUINE_no_party_in_excerpt,000021622826000031,https://www.sec.gov/Archives/edgar/data/216228/000021622826000031/exhibit991_spxflowinc-2025.htm
adjudication:3d86e3261beb02eb,"GILEAD SCIENCES, INC.",4700000000.0,424B,GENUINE_no_party_in_excerpt,000110465926063199,https://www.sec.gov/Archives/edgar/data/882095/000110465926063199/tm2531124-2_424b5.htm
adjudication:6c00060837765957,"GILEAD SCIENCES, INC.",4700000000.0,424B,GENUINE_no_party_in_excerpt,000110465926060745,https://www.sec.gov/Archives/edgar/data/882095/000110465926060745/tm2531124-1_424b5.htm
adjudication:66a8949564080e52,"GILEAD SCIENCES, INC.",4700000000.0,424B,RE_EXTRACT_named_party_in_quote,000110465926060745,https://www.sec.gov/Archives/edgar/data/882095/000110465926060745/tm2531124-1_424b5.htm
adjudication:2afb57cf3cb10f7d,"GILEAD SCIENCES, INC.",4700000000.0,424B,RE_EXTRACT_named_party_in_quote,000110465926063199,https://www.sec.gov/Archives/edgar/data/882095/000110465926063199/tm2531124-2_424b5.htm
adjudication:0b99fed218d2d944,AGREE REALTY CORP,4695013092.0,other,GENUINE_no_party_in_excerpt,000091725126000046,https://www.sec.gov/Archives/edgar/data/917251/000091725126000046/adc20260331-ex991.htm
adjudication:2fbd948eb820c809,LKQ CORP,4500000000.0,other,GENUINE_no_party_in_excerpt,000106569625000040,https://www.sec.gov/Archives/edgar/data/1065696/000106569625000040/exhibit991.htm
adjudication:f6bedb5c6de1b6ca,Energy Transfer LP,4370000000.0,other,GENUINE_no_party_in_excerpt,000127618725000048,https://www.sec.gov/Archives/edgar/data/1276187/000127618725000048/ex991eterq12025.htm
adjudication:23389bae081a7dff,Energy Transfer LP,4370000000.0,other,GENUINE_no_party_in_excerpt,000127618725000048,https://www.sec.gov/Archives/edgar/data/1276187/000127618725000048/ex991eterq12025.htm
adjudication:3f240596ddf8c673,"DIGITAL REALTY TRUST, INC.",4200000000.0,424B,GENUINE_no_party_in_excerpt,000119312526053152,https://www.sec.gov/Archives/edgar/data/1297996/000119312526053152/d107653d424b5.htm
adjudication:35a30a4b17d01cc7,"DIGITAL REALTY TRUST, INC.",4200000000.0,424B,GENUINE_no_party_in_excerpt,000119312526202555,https://www.sec.gov/Archives/edgar/data/1297996/000119312526202555/d70446d424b5.htm
adjudication:a7576f65791645b2,"DIGITAL REALTY TRUST, INC.",4200000000.0,424B,GENUINE_no_party_in_excerpt,000119312524284281,https://www.sec.gov/Archives/edgar/data/1297996/000119312524284281/d881919d424b5.htm
adjudication:07cc2e18d59d625f,LKQ CORP,4200000000.0,other,GENUINE_no_party_in_excerpt,000106569625000060,https://www.sec.gov/Archives/edgar/data/1065696/000106569625000060/exhibit991.htm
adjudication:83c50915cd55b032,COLUMBUS MCKINNON CORP,4122600000.0,other,RE_EXTRACT_named_party_in_quote,000119312526015918,https://www.sec.gov/Archives/edgar/data/1005229/000119312526015918/d13607dex991.htm
adjudication:331b72adf22fab42,Bunge Global SA,4110000000.0,other,GENUINE_no_party_in_excerpt,000110465926029042,https://www.sec.gov/Archives/edgar/data/1996862/000110465926029042/tm268104d2_ex99-1.htm
adjudication:9d23e51ff7b7e94e,Bunge Global SA,4110000000.0,other,GENUINE_no_party_in_excerpt,000110465926029042,https://www.sec.gov/Archives/edgar/data/1996862/000110465926029042/tm268104d2_ex99-1.htm
adjudication:a0b99b747d5fe1c2,FORD MOTOR CO,4000000000.0,other,RE_EXTRACT_named_party_in_quote,000003799626000093,https://www.sec.gov/Archives/edgar/data/37996/000003799626000093/f-20260520.htm
adjudication:97cfeeabd721fae3,CENTENE CORP,4000000000.0,other,GENUINE_no_party_in_excerpt,000107173926000099,https://www.sec.gov/Archives/edgar/data/1071739/000107173926000099/a20260428ex991pressrelease.htm
adjudication:e047b3f463daee19,CENTENE CORP,4000000000.0,other,GENUINE_no_party_in_excerpt,000107173925000185,https://www.sec.gov/Archives/edgar/data/1071739/000107173925000185/a20251029ex991pressrelease.htm
adjudication:88a544e64735b099,CENTENE CORP,4000000000.0,other,GENUINE_no_party_in_excerpt,000107173925000151,https://www.sec.gov/Archives/edgar/data/1071739/000107173925000151/a20250725ex991pressrelease.htm
adjudication:fc5e68acc6622c4e,CENTENE CORP,4000000000.0,other,GENUINE_no_party_in_excerpt,000107173926000031,https://www.sec.gov/Archives/edgar/data/1071739/000107173926000031/a20260206ex991pressrelease.htm
adjudication:ce0f9ab624cb645c,Alibaba Group Holding Ltd,4000000000.0,EX-4_exhibit,GENUINE_no_party_in_excerpt,000119312526231755,https://www.sec.gov/Archives/edgar/data/1577552/000119312526231755/baba-ex4_21.htm
adjudication:22a2de385f6c1184,"Elevance Health, Inc.",4000000000.0,424B,GENUINE_no_party_in_excerpt,000119312525197796,https://www.sec.gov/Archives/edgar/data/1156039/000119312525197796/d11296d424b3.htm
adjudication:3904abb853012076,Eaton Corp plc,4000000000.0,EX-10_exhibit,RE_EXTRACT_named_party_in_quote,000114036126004227,https://www.sec.gov/Archives/edgar/data/1551182/000114036126004227/ef20064951_ex10-1.htm
adjudication:72f12b730edc2ac1,"Elevance Health, Inc.",4000000000.0,424B,GENUINE_no_party_in_excerpt,000119312525199226,https://www.sec.gov/Archives/edgar/data/1156039/000119312525199226/d11296d424b3.htm
adjudication:2a6abc8cd66dc049,EQUITY RESIDENTIAL,4000000000.0,other,GENUINE_no_party_in_excerpt,000119312525253637,https://www.sec.gov/Archives/edgar/data/906107/000119312525253637/eqr-ex99_1.htm
adjudication:4fd0d42049bf4cfa,HONEYWELL INTERNATIONAL INC,4000000000.0,other,GENUINE_no_party_in_excerpt,000119312526095179,https://www.sec.gov/Archives/edgar/data/773840/000119312526095179/d71810dex991.htm
adjudication:a6853887841f44b3,EQUITY RESIDENTIAL,4000000000.0,other,GENUINE_no_party_in_excerpt,000095017025102035,https://www.sec.gov/Archives/edgar/data/906107/000095017025102035/eqr-ex99_1.htm
adjudication:baec63c2e49933ab,Alibaba Group Holding Ltd,4000000000.0,EX-4_exhibit,GENUINE_no_party_in_excerpt,000119312526231755,https://www.sec.gov/Archives/edgar/data/1577552/000119312526231755/baba-ex4_21.htm
adjudication:3de964df7dcfc332,EQUITY RESIDENTIAL,4000000000.0,other,GENUINE_no_party_in_excerpt,000119312526187339,https://www.sec.gov/Archives/edgar/data/906107/000119312526187339/eqr-ex99_1.htm
adjudication:26cec278452c60e8,EQUITY RESIDENTIAL,4000000000.0,other,GENUINE_no_party_in_excerpt,000119312526039455,https://www.sec.gov/Archives/edgar/data/906107/000119312526039455/eqr-ex99_1.htm
adjudication:a2295d5f31d1bb0a,AGREE REALTY CORP,3964000000.0,other,GENUINE_no_party_in_excerpt,000091725126000012,https://www.sec.gov/Archives/edgar/data/917251/000091725126000012/adc20251231-exhibit991.htm
adjudication:b8f01d375fed7924,Bunge Global SA,3960000000.0,other,GENUINE_no_party_in_excerpt,000110465926029042,https://www.sec.gov/Archives/edgar/data/1996862/000110465926029042/tm268104d2_ex99-1.htm
adjudication:b2b7111275ca0c30,ARES CAPITAL CORP,3900000000.0,other,GENUINE_no_party_in_excerpt,000128775025000036,https://www.sec.gov/Archives/edgar/data/1287750/000128775025000036/arccq2-2025exhibit991.htm
adjudication:1416fdc144f2d188,LKQ CORP,3900000000.0,other,GENUINE_no_party_in_excerpt,000106569626000030,https://www.sec.gov/Archives/edgar/data/1065696/000106569626000030/exhibit991.htm
adjudication:1ed56226a6691ea7,ARES CAPITAL CORP,3878000000.0,other,GENUINE_no_party_in_excerpt,000128775025000018,https://www.sec.gov/Archives/edgar/data/1287750/000128775025000018/arccq1-2025exhibit991.htm
adjudication:d9dee2696ca883ed,Talen Energy Corp,3819000000.0,other,GENUINE_no_party_in_excerpt,000162253625000013,https://www.sec.gov/Archives/edgar/data/1622536/000162253625000013/ex996proformafinancialsfre.htm
adjudication:ea3ffb99a589f461,EQT Corp,3800000000.0,other,GENUINE_no_party_in_excerpt,000003321326000028,https://www.sec.gov/Archives/edgar/data/33213/000003321326000028/ex9913312026earningsrelease.htm
adjudication:ca054a443593247f,EQT Corp,3800000000.0,other,GENUINE_no_party_in_excerpt,000003321326000028,https://www.sec.gov/Archives/edgar/data/33213/000003321326000028/ex9913312026earningsrelease.htm
adjudication:a194a4f95e78d73c,"DIGITAL REALTY TRUST, INC.",3750000000.0,424B,GENUINE_no_party_in_excerpt,000119312523072055,https://www.sec.gov/Archives/edgar/data/1297996/000119312523072055/d268140d424b5.htm
adjudication:c0b055b6085cfba3,"DIGITAL REALTY TRUST, INC.",3750000000.0,424B,GENUINE_no_party_in_excerpt,000119312524135411,https://www.sec.gov/Archives/edgar/data/1297996/000119312524135411/d831817d424b5.htm
adjudication:ac9984c7a5896d8f,"DIGITAL REALTY TRUST, INC.",3750000000.0,424B,GENUINE_no_party_in_excerpt,000119312523204022,https://www.sec.gov/Archives/edgar/data/1297996/000119312523204022/d518898d424b5.htm
adjudication:21b7f3b8a7d412cb,"DIGITAL REALTY TRUST, INC.",3750000000.0,424B,GENUINE_no_party_in_excerpt,000119312524044656,https://www.sec.gov/Archives/edgar/data/1297996/000119312524044656/d778686d424b5.htm
adjudication:38c46c1fd3cfff0b,"DIGITAL REALTY TRUST, INC.",3750000000.0,424B,GENUINE_no_party_in_excerpt,000119312524133117,https://www.sec.gov/Archives/edgar/data/1297996/000119312524133117/d831817d424b5.htm
adjudication:ce4e3046b69fcd1c,"FedEx Freight Holding Company, Inc.",3700000000.0,8-K,GENUINE_no_party_in_excerpt,000110465926060223,https://www.sec.gov/Archives/edgar/data/2082247/000110465926060223/tm2520565d14_8k.htm
adjudication:fb4f463980a221b7,FEDEX CORP,3700000000.0,8-K,GENUINE_no_party_in_excerpt,000110465926068519,https://www.sec.gov/Archives/edgar/data/1048911/000110465926068519/tm2616055d1_8k.htm
adjudication:6557903efbe05250,LKQ CORP,3700000000.0,other,GENUINE_no_party_in_excerpt,000106569626000005,https://www.sec.gov/Archives/edgar/data/1065696/000106569626000005/exhibit991.htm
adjudication:3f2d1c7c8252f328,"CORPAY, INC.",3700000000.0,other,GENUINE_no_party_in_excerpt,000117545426000040,https://www.sec.gov/Archives/edgar/data/1175454/000117545426000040/ex991pressreleasemay2026de.htm
adjudication:5903ad9817367da6,"CORPAY, INC.",3700000000.0,other,GENUINE_no_party_in_excerpt,000117545426000040,https://www.sec.gov/Archives/edgar/data/1175454/000117545426000040/ex991pressreleasemay2026de.htm
adjudication:b4be9cd3f7c02cec,FEDEX CORP,3700000000.0,8-K,GENUINE_no_party_in_excerpt,000110465926060233,https://www.sec.gov/Archives/edgar/data/1048911/000110465926060233/tm2520565d17_8k.htm
adjudication:d645739300eaa51c,BIOMARIN PHARMACEUTICAL INC,3650000000.0,other,GENUINE_no_party_in_excerpt,000119312526021718,https://www.sec.gov/Archives/edgar/data/1048477/000119312526021718/d100834dex993.htm
adjudication:9546e836ed003989,ENTERPRISE PRODUCTS PARTNERS L.P.,3600000000.0,other,GENUINE_no_party_in_excerpt,000114036125016143,https://www.sec.gov/Archives/edgar/data/1061219/000114036125016143/exhibit99_1.htm
adjudication:d58223389da3b539,"Kennedy-Wilson Holdings, Inc.",3600000000.0,other,GENUINE_no_party_in_excerpt,000140810026000068,https://www.sec.gov/Archives/edgar/data/1408100/000140810026000068/kw20251231ex991supplementa.htm
adjudication:072fd23cb64b26ea,AMAZON COM INC,3500000000.0,424B,RE_EXTRACT_named_party_in_quote,000110465925114098,https://www.sec.gov/Archives/edgar/data/1018724/000110465925114098/tm2530638-4_424b5.htm
adjudication:0d00e6a088fc79af,GROUP 1 AUTOMOTIVE INC,3500000000.0,other,GENUINE_no_party_in_excerpt,000103120325000039,https://www.sec.gov/Archives/edgar/data/1031203/000103120325000039/gpi-20250530.htm
adjudication:ea2707ffade42cbb,EQT Corp,3500000000.0,other,GENUINE_no_party_in_excerpt,000003321326000012,https://www.sec.gov/Archives/edgar/data/33213/000003321326000012/ex99112312025earningsrelea.htm
adjudication:63a62ace864cf540,SIMON PROPERTY GROUP INC.,3500000000.0,other,GENUINE_no_party_in_excerpt,000110465926024152,https://www.sec.gov/Archives/edgar/data/1063761/000110465926024152/tm268081d1_ex99-3.htm
adjudication:1c608173af311af7,Ingram Micro Holding Corp,3500000000.0,other,GENUINE_no_party_in_excerpt,000162828025051610,https://www.sec.gov/Archives/edgar/data/1897762/000162828025051610/ingrammicro-sx3.htm
adjudication:374823ec790a6766,GROUP 1 AUTOMOTIVE INC,3500000000.0,other,GENUINE_no_party_in_excerpt,000103120325000039,https://www.sec.gov/Archives/edgar/data/1031203/000103120325000039/exhibit991-53025.htm
adjudication:619b6b1ac7a4026a,"Warner Bros. Discovery, Inc.",3500000000.0,other,GENUINE_no_party_in_excerpt,000143710726000018,https://www.sec.gov/Archives/edgar/data/1437107/000143710726000018/exhibit991.htm
adjudication:263b0b49a7586c2c,GROUP 1 AUTOMOTIVE INC,3500000000.0,other,GENUINE_no_party_in_excerpt,000103120325000039,https://www.sec.gov/Archives/edgar/data/1031203/000103120325000039/exhibit991-53025.htm
adjudication:d052b8f77665a810,EXPAND ENERGY Corp,3500000000.0,8-K,GENUINE_no_party_in_excerpt,000089512625000097,https://www.sec.gov/Archives/edgar/data/895126/000089512625000097/exe-ex_991x20250930x8kxpr.htm
adjudication:56f074916fccd3eb,Sunoco LP,3500000000.0,other,GENUINE_no_party_in_excerpt,000119312525112135,https://www.sec.gov/Archives/edgar/data/1552275/000119312525112135/d771241dex992.htm
adjudication:4961f2bce356fcf9,EQT Corp,3500000000.0,other,GENUINE_no_party_in_excerpt,000003321326000012,https://www.sec.gov/Archives/edgar/data/33213/000003321326000012/ex99112312025earningsrelea.htm
adjudication:57962160e7650d12,Medtronic plc,3500000000.0,424B,GENUINE_no_party_in_excerpt,000119312525205013,https://www.sec.gov/Archives/edgar/data/1613103/000119312525205013/d940372d424b5.htm
adjudication:9a79669be025c6d1,Sunoco LP,3500000000.0,other,GENUINE_no_party_in_excerpt,000119312525112135,https://www.sec.gov/Archives/edgar/data/1552275/000119312525112135/d771241dex992.htm
adjudication:0034450ce7d9ec94,Medtronic plc,3500000000.0,424B,GENUINE_no_party_in_excerpt,000119312525202685,https://www.sec.gov/Archives/edgar/data/1613103/000119312525202685/d940372d424b3.htm
adjudication:bf52a5cf21a0d6af,Energy Transfer LP,3450000000.0,other,GENUINE_no_party_in_excerpt,000127618726000021,https://www.sec.gov/Archives/edgar/data/1276187/000127618726000021/ex991eterq12026.htm
adjudication:55f94082d6be2c23,Energy Transfer LP,3450000000.0,other,GENUINE_no_party_in_excerpt,000127618726000021,https://www.sec.gov/Archives/edgar/data/1276187/000127618726000021/ex991eterq12026.htm
adjudication:cabb060515938dd8,Energy Transfer LP,3440000000.0,other,GENUINE_no_party_in_excerpt,000127618725000116,https://www.sec.gov/Archives/edgar/data/1276187/000127618725000116/ex991eterq32025.htm
adjudication:21775a498c9e843f,Energy Transfer LP,3440000000.0,other,GENUINE_no_party_in_excerpt,000127618725000116,https://www.sec.gov/Archives/edgar/data/1276187/000127618725000116/ex991eterq32025.htm
adjudication:60027774c8b3c85e,"DOMINION ENERGY, INC",3400000000.0,other,GENUINE_no_party_in_excerpt,000095017023061206,https://www.sec.gov/Archives/edgar/data/715957/000095017023061206/d-ex99_1.htm
adjudication:6d24944e3b46b733,Energy Transfer LP,3340000000.0,other,GENUINE_no_party_in_excerpt,000127618724000102,https://www.sec.gov/Archives/edgar/data/1276187/000127618724000102/ex991eterq32024.htm
adjudication:e61b9e96cdf9565a,Energy Transfer LP,3340000000.0,other,GENUINE_no_party_in_excerpt,000127618724000102,https://www.sec.gov/Archives/edgar/data/1276187/000127618724000102/ex991eterq32024.htm
adjudication:b8559b62c39a630c,DEXCOM INC,3320000000.0,other,GENUINE_no_party_in_excerpt,000109355725000278,https://www.sec.gov/Archives/edgar/data/1093557/000109355725000278/dxcm09302025-exhibit991.htm
adjudication:8d4af55a376bdcef,DEXCOM INC,3320000000.0,other,GENUINE_no_party_in_excerpt,000109355725000278,https://www.sec.gov/Archives/edgar/data/1093557/000109355725000278/dxcm09302025-exhibit991.htm
adjudication:9ae0a9c278ed1d71,Primis Financial Corp.,3300000000.0,other,GENUINE_no_party_in_excerpt,000110465925119089,https://www.sec.gov/Archives/edgar/data/1325670/000110465925119089/tm2532877d1_ex99-1.htm
adjudication:87ce604383b3551c,"CORPAY, INC.",3300000000.0,other,GENUINE_no_party_in_excerpt,000117545426000040,https://www.sec.gov/Archives/edgar/data/1175454/000117545426000040/ex991pressreleasemay2026de.htm
adjudication:e2806f5aab142bc3,SM Energy Co,3300000000.0,other,GENUINE_no_party_in_excerpt,000110465926023191,https://www.sec.gov/Archives/edgar/data/893538/000110465926023191/tm267946d1_ex99-3.htm
adjudication:272184790493d8ed,Matador Resources Co,3250000000.0,other,RE_EXTRACT_named_party_in_quote,000110465925120120,https://www.sec.gov/Archives/edgar/data/1520006/000110465925120120/tm2533173d2_ex99-1.htm
adjudication:a30b5d9fed6a7c5f,Matador Resources Co,3250000000.0,other,RE_EXTRACT_named_party_in_quote,000110465925120120,https://www.sec.gov/Archives/edgar/data/1520006/000110465925120120/tm2533173d2_ex99-1.htm
adjudication:a0e66b36a4ad0ddc,ROYAL GOLD INC,3225000000.0,other,GENUINE_no_party_in_excerpt,000008553525000112,https://www.sec.gov/Archives/edgar/data/85535/000008553525000112/ex992investorpresentatio.htm
adjudication:3c5edd001948a72d,ROYAL GOLD INC,3225000000.0,other,GENUINE_no_party_in_excerpt,000008553525000112,https://www.sec.gov/Archives/edgar/data/85535/000008553525000112/ex991pressreleasedatedaugu.htm
adjudication:2bb7f5ebebebf9e3,Liberty Global Ltd.,3200000000.0,other,RE_EXTRACT_named_party_in_quote,000157058526000075,https://www.sec.gov/Archives/edgar/data/1570585/000157058526000075/lbtya-20260501.htm
adjudication:4e659214170190a5,JABIL INC,3200000000.0,424B,RE_EXTRACT_named_party_in_quote,000119312526015418,https://www.sec.gov/Archives/edgar/data/898293/000119312526015418/d938204d424b5.htm
adjudication:8a1d2944ec1b7b7f,JABIL INC,3200000000.0,424B,RE_EXTRACT_named_party_in_quote,000119312526012311,https://www.sec.gov/Archives/edgar/data/898293/000119312526012311/d938204d424b5.htm
adjudication:c0169fbdddf4e428,"Lumen Technologies, Inc.",3180000000.0,other,GENUINE_no_party_in_excerpt,000119312526157904,https://www.sec.gov/Archives/edgar/data/18926/000119312526157904/d135936dex991.htm
adjudication:324808b3978a670a,"WYNDHAM HOTELS & RESORTS, INC.",3150000000.0,other,GENUINE_no_party_in_excerpt,000172268426000057,https://www.sec.gov/Archives/edgar/data/1722684/000172268426000057/exhibit9912026331.htm
adjudication:b3935ae28fab4c9c,"Cannae Holdings, Inc.",3103600000.0,other,GENUINE_no_party_in_excerpt,000170472026000045,https://www.sec.gov/Archives/edgar/data/1704720/000170472026000045/exhibit992dunbradstreethol.htm
adjudication:03575cbd2a8231a8,"Cannae Holdings, Inc.",3103600000.0,other,GENUINE_no_party_in_excerpt,000170472026000045,https://www.sec.gov/Archives/edgar/data/1704720/000170472026000045/exhibit993dunbradstreethol.htm
adjudication:20d50e90931cb559,TransUnion,3100000000.0,other,GENUINE_no_party_in_excerpt,000155203326000019,https://www.sec.gov/Archives/edgar/data/1552033/000155203326000019/exhibit992investorpresen.htm
adjudication:646218a9ab46db26,TransUnion,3100000000.0,other,GENUINE_no_party_in_excerpt,000155203326000019,https://www.sec.gov/Archives/edgar/data/1552033/000155203326000019/exhibit992investorpresen.htm
adjudication:3287693ec244f413,"United Airlines Holdings, Inc.",3000000000.0,424B,RE_EXTRACT_named_party_in_quote,000110465926006453,https://www.sec.gov/Archives/edgar/data/100517/000110465926006453/tm263646-1_424b3.htm
adjudication:6646459636ddf638,WillScot Holdings Corp,3000000000.0,other,GENUINE_no_party_in_excerpt,000164708825000064,https://www.sec.gov/Archives/edgar/data/1647088/000164708825000064/ex991-pressreleasexq32025.htm
adjudication:64889a6a17acbf9a,HONEYWELL INTERNATIONAL INC,3000000000.0,other,GENUINE_no_party_in_excerpt,000119312526095179,https://www.sec.gov/Archives/edgar/data/773840/000119312526095179/d71810dex991.htm
adjudication:449b7ca26673bc07,HONEYWELL INTERNATIONAL INC,3000000000.0,other,GENUINE_no_party_in_excerpt,000119312526095179,https://www.sec.gov/Archives/edgar/data/773840/000119312526095179/d71810dex991.htm
adjudication:b454fd7afe3ee380,Keurig Dr Pepper Inc.,3000000000.0,EX-10_exhibit,GENUINE_no_party_in_excerpt,000119312525257489,https://www.sec.gov/Archives/edgar/data/1418135/000119312525257489/d36737dex101.htm
adjudication:7f0da408f68f0f97,"Versant Media Group, Inc.",3000000000.0,other,GENUINE_no_party_in_excerpt,000119312525310612,https://www.sec.gov/Archives/edgar/data/2067876/000119312525310612/d51012dex991.htm
adjudication:3af7d61ccfdbe434,"United Airlines Holdings, Inc.",3000000000.0,424B,RE_EXTRACT_named_party_in_quote,000110465926007419,https://www.sec.gov/Archives/edgar/data/100517/000110465926007419/tm263646-3_424b2.htm
adjudication:5dc583066d8a80a1,FS Credit Opportunities Corp.,3000000000.0,424B,GENUINE_no_party_in_excerpt,000119312525007175,https://www.sec.gov/Archives/edgar/data/1568194/000119312525007175/d924169d424b2.htm
adjudication:90bfeac7ff3fa08b,WINTRUST FINANCIAL CORP,3000000000.0,other,GENUINE_no_party_in_excerpt,000101532826000011,https://www.sec.gov/Archives/edgar/data/1015328/000101532826000011/exhibit9912026-q1.htm
adjudication:fe0c01986f7e6021,Hewlett Packard Enterprise Co,3000000000.0,424B,GENUINE_no_party_in_excerpt,000114036126009504,https://www.sec.gov/Archives/edgar/data/1645590/000114036126009504/ny20067190x1_424b5.htm
adjudication:c435baa8a5c41560,"DOMINION ENERGY, INC",3000000000.0,other,RE_EXTRACT_named_party_in_quote,000119312526209134,https://www.sec.gov/Archives/edgar/data/715957/000119312526209134/d113046ds3asr.htm
adjudication:6e084774148d42ff,EMERA INC,3000000000.0,424B,GENUINE_no_party_in_excerpt,000095010325012357,https://www.sec.gov/Archives/edgar/data/1127248/000095010325012357/dp235080_424b2.htm
adjudication:7baf59a50e90af5a,"United Airlines Holdings, Inc.",3000000000.0,424B,RE_EXTRACT_named_party_in_quote,000110465926010912,https://www.sec.gov/Archives/edgar/data/100517/000110465926010912/tm263646-8_424b2.htm
adjudication:327da79ae54c54bb,DXC Technology Co,3000000000.0,424B,GENUINE_no_party_in_excerpt,000114036125041821,https://www.sec.gov/Archives/edgar/data/1688568/000114036125041821/ny20058745x1_424b2.htm
adjudication:ccb76fa430e529df,WillScot Holdings Corp,3000000000.0,other,GENUINE_no_party_in_excerpt,000164708825000064,https://www.sec.gov/Archives/edgar/data/1647088/000164708825000064/ex991-pressreleasexq32025.htm
adjudication:640374d1b1215a29,Permian Resources Corp,3000000000.0,other,GENUINE_no_party_in_excerpt,000165856626000069,https://www.sec.gov/Archives/edgar/data/1658566/000165856626000069/ex991prq12026earningsrelea.htm
adjudication:c9f62277cf002673,EMERA INC,3000000000.0,424B,GENUINE_no_party_in_excerpt,000095010325012565,https://www.sec.gov/Archives/edgar/data/1127248/000095010325012565/dp235224_424b2-emerainc.htm
adjudication:b44fa00f96171fa5,"Versant Media Group, Inc.",3000000000.0,other,GENUINE_no_party_in_excerpt,000206787626000007,https://www.sec.gov/Archives/edgar/data/2067876/000206787626000007/exhibit992-versantsupple.htm
adjudication:66cd19f57fd24ab1,"United Airlines Holdings, Inc.",3000000000.0,424B,GENUINE_no_party_in_excerpt,000110465926007419,https://www.sec.gov/Archives/edgar/data/100517/000110465926007419/tm263646-3_424b2.htm
adjudication:5c33b46aeed7e576,"ServiceNow, Inc.",3000000000.0,424B,GENUINE_no_party_in_excerpt,000119312526221929,https://www.sec.gov/Archives/edgar/data/1373715/000119312526221929/d33584d424b2.htm
adjudication:79bc1f14dde0e5ed,COLGATE PALMOLIVE CO,3000000000.0,424B,GENUINE_no_party_in_excerpt,000110465925106990,https://www.sec.gov/Archives/edgar/data/21665/000110465925106990/tm2530079-1_424b2.htm
adjudication:bdc8e81d969fd2fb,CATERPILLAR INC,3000000000.0,8-K,GENUINE_no_party_in_excerpt,000110465925087011,https://www.sec.gov/Archives/edgar/data/18230/000110465925087011/tm2524597d2_8k.htm
adjudication:b65fb798d5ede742,"United Airlines Holdings, Inc.",3000000000.0,424B,GENUINE_no_party_in_excerpt,000110465926010912,https://www.sec.gov/Archives/edgar/data/100517/000110465926010912/tm263646-8_424b2.htm
adjudication:81b2ec07b6df1827,"United Airlines Holdings, Inc.",3000000000.0,424B,GENUINE_no_party_in_excerpt,000110465926006453,https://www.sec.gov/Archives/edgar/data/100517/000110465926006453/tm263646-1_424b3.htm
adjudication:28dd7c97e62fe916,Talen Energy Corp,3000000000.0,other,GENUINE_no_party_in_excerpt,000162253625000013,https://www.sec.gov/Archives/edgar/data/1622536/000162253625000013/ex99120251006pressreleaset.htm
adjudication:d681485544bb4d4a,Keurig Dr Pepper Inc.,3000000000.0,EX-10_exhibit,RE_EXTRACT_named_party_in_quote,000119312525257489,https://www.sec.gov/Archives/edgar/data/1418135/000119312525257489/d36737dex101.htm
adjudication:a5aa45bb9b194f80,RADIAN GROUP INC,3000000000.0,other,GENUINE_no_party_in_excerpt,000119312526058134,https://www.sec.gov/Archives/edgar/data/890926/000119312526058134/rdn-ex99_1.htm
adjudication:39ab3fdaecfb673d,"ServiceNow, Inc.",3000000000.0,424B,GENUINE_no_party_in_excerpt,000119312526218307,https://www.sec.gov/Archives/edgar/data/1373715/000119312526218307/d33584d424b2.htm
adjudication:64eb4797b03deaa8,"Empire State Realty OP, L.P.",2979000000.0,other,GENUINE_no_party_in_excerpt,000110465924051251,https://www.sec.gov/Archives/edgar/data/1553079/000110465924051251/tm2410410d1_ex99-1.htm
adjudication:b8350ae9002b0e2d,GATX CORP,2959000000.0,other,GENUINE_no_party_in_excerpt,000004021126000024,https://www.sec.gov/Archives/edgar/data/40211/000004021126000024/exhibit992-gatxunauditedpr.htm
adjudication:0b3dacbfefa287b1,OMNICOM GROUP INC.,2950000000.0,other,GENUINE_no_party_in_excerpt,000119312525300788,https://www.sec.gov/Archives/edgar/data/29989/000119312525300788/d24786dex993.htm
adjudication:c1a32df33b17a91c,DEXCOM INC,2930000000.0,other,GENUINE_no_party_in_excerpt,000109355725000241,https://www.sec.gov/Archives/edgar/data/1093557/000109355725000241/dxcm06302025-exhibit991.htm
adjudication:458316c7b9386770,DEXCOM INC,2930000000.0,other,GENUINE_no_party_in_excerpt,000109355725000241,https://www.sec.gov/Archives/edgar/data/1093557/000109355725000241/dxcm06302025-exhibit991.htm
adjudication:8cff53c78da694ca,WINTRUST FINANCIAL CORP,2900000000.0,other,GENUINE_no_party_in_excerpt,000101532826000004,https://www.sec.gov/Archives/edgar/data/1015328/000101532826000004/q4-2025exhibit991.htm
adjudication:29bd5add1dc70e1a,ITT INC.,2875000000.0,424B,GENUINE_no_party_in_excerpt,000119312525310571,https://www.sec.gov/Archives/edgar/data/216228/000119312525310571/d848277d424b5.htm
adjudication:4231aa475594b1e6,ITT INC.,2875000000.0,other,GENUINE_no_party_in_excerpt,000119312525310541,https://www.sec.gov/Archives/edgar/data/216228/000119312525310541/d65651dex993.htm
adjudication:ff18da0d0c394603,ITT INC.,2875000000.0,424B,GENUINE_no_party_in_excerpt,000119312525313214,https://www.sec.gov/Archives/edgar/data/216228/000119312525313214/d848277d424b5.htm
adjudication:c8fd216856d632f3,ITT INC.,2875000000.0,8-K,GENUINE_no_party_in_excerpt,000119312525308605,https://www.sec.gov/Archives/edgar/data/216228/000119312525308605/d25498d8k.htm
adjudication:72980007a9a73988,ITT INC.,2875000000.0,other,GENUINE_no_party_in_excerpt,000119312525310541,https://www.sec.gov/Archives/edgar/data/216228/000119312525310541/d65651dex993.htm
adjudication:fa44e52a1bafe066,Bausch Health Companies Inc.,2802125000.0,other,GENUINE_no_party_in_excerpt,000095010325016089,https://www.sec.gov/Archives/edgar/data/885590/000095010325016089/dp238710_ex9901.htm
adjudication:bcb5313370e4cf0a,Bausch & Lomb Corp,2802125000.0,other,GENUINE_no_party_in_excerpt,000095010326000051,https://www.sec.gov/Archives/edgar/data/1860742/000095010326000051/dp239510_ex9901.htm
adjudication:e413caad28bd85dd,Bausch & Lomb Corp,2802125000.0,other,GENUINE_no_party_in_excerpt,000095010325016088,https://www.sec.gov/Archives/edgar/data/1860742/000095010325016088/dp238711_ex9901.htm
adjudication:3ecd66aaaaaa48d9,Bausch Health Companies Inc.,2802125000.0,other,GENUINE_no_party_in_excerpt,000095010326000052,https://www.sec.gov/Archives/edgar/data/885590/000095010326000052/dp239511_ex9901.htm
adjudication:b94da7b61034a1f2,Bausch Health Companies Inc.,2802125000.0,8-K,GENUINE_no_party_in_excerpt,000095010325016089,https://www.sec.gov/Archives/edgar/data/885590/000095010325016089/dp238710_8k.htm
adjudication:af269cf064c711ac,Blackstone Secured Lending Fund,2800000000.0,other,GENUINE_no_party_in_excerpt,000121390025107817,https://www.sec.gov/Archives/edgar/data/1736035/000121390025107817/ea0264431-01_ex991.htm
adjudication:72b2eff56a35b980,Blackstone Secured Lending Fund,2800000000.0,other,GENUINE_no_party_in_excerpt,000121390026020083,https://www.sec.gov/Archives/edgar/data/1736035/000121390026020083/ea0277994-01_ex991.htm
adjudication:60079ec513ff9ede,Blackstone Secured Lending Fund,2800000000.0,other,GENUINE_no_party_in_excerpt,000121390025107817,https://www.sec.gov/Archives/edgar/data/1736035/000121390025107817/ea0264431-01_ex991.htm
adjudication:4871eacbe3b7bbe5,Blackstone Secured Lending Fund,2800000000.0,other,GENUINE_no_party_in_excerpt,000121390026020083,https://www.sec.gov/Archives/edgar/data/1736035/000121390026020083/ea0277994-01_ex991.htm
adjudication:4907fc284ad0faa3,Blackstone Secured Lending Fund,2800000000.0,other,GENUINE_no_party_in_excerpt,000121390025072290,https://www.sec.gov/Archives/edgar/data/1736035/000121390025072290/ea0251760-01_ex991.htm
adjudication:1be8ccd9a8ae1516,Blackstone Secured Lending Fund,2800000000.0,other,GENUINE_no_party_in_excerpt,000121390025017220,https://www.sec.gov/Archives/edgar/data/1736035/000121390025017220/ea023200501_ex99-1.htm
adjudication:d2656d3b928de330,Blackstone Secured Lending Fund,2800000000.0,other,GENUINE_no_party_in_excerpt,000121390025017220,https://www.sec.gov/Archives/edgar/data/1736035/000121390025017220/ea023200501_ex99-1.htm
adjudication:20d857ab32b7e68c,Blackstone Secured Lending Fund,2800000000.0,other,GENUINE_no_party_in_excerpt,000121390025072290,https://www.sec.gov/Archives/edgar/data/1736035/000121390025072290/ea0251760-01_ex991.htm
adjudication:3c99e4a3410f8154,Blackstone Secured Lending Fund,2800000000.0,other,GENUINE_no_party_in_excerpt,000121390025017220,https://www.sec.gov/Archives/edgar/data/1736035/000121390025017220/ea023200501_ex99-1.htm
adjudication:d92b47470af822ba,Blackstone Secured Lending Fund,2800000000.0,other,GENUINE_no_party_in_excerpt,000121390025107817,https://www.sec.gov/Archives/edgar/data/1736035/000121390025107817/ea0264431-01_ex991.htm
adjudication:08cc407069f47ee7,Blackstone Secured Lending Fund,2800000000.0,other,GENUINE_no_party_in_excerpt,000121390025072290,https://www.sec.gov/Archives/edgar/data/1736035/000121390025072290/ea0251760-01_ex991.htm
adjudication:422cdd2f8bb7c018,"American Water Works Company, Inc.",2750000000.0,other,GENUINE_no_party_in_excerpt,000119312525256430,https://www.sec.gov/Archives/edgar/data/1410636/000119312525256430/d938104dex992.htm
adjudication:34aae7f240f7eb0c,KIMCO REALTY CORP,2750000000.0,other,GENUINE_no_party_in_excerpt,000119312526193907,https://www.sec.gov/Archives/edgar/data/879101/000119312526193907/kim-ex99_1.htm
adjudication:f996bebf60123a36,Bausch Health Companies Inc.,2735000000.0,other,GENUINE_no_party_in_excerpt,000088559026000020,https://www.sec.gov/Archives/edgar/data/885590/000088559026000020/ex991-q4x2025.htm
adjudication:e7ae115d46976d00,"Global Net Lease, Inc.",2711900000.0,other,GENUINE_no_party_in_excerpt,000110465925107039,https://www.sec.gov/Archives/edgar/data/1526113/000110465925107039/tm2530202d1_ex99-1.htm
adjudication:40285784dce6b5c2,"HEALTHPEAK PROPERTIES, INC.",2700000000.0,other,GENUINE_no_party_in_excerpt,000162828025046095,https://www.sec.gov/Archives/edgar/data/765880/000162828025046095/ex99109302025.htm
adjudication:519bc16971524598,Talen Energy Corp,2700000000.0,other,GENUINE_no_party_in_excerpt,000162253625000013,https://www.sec.gov/Archives/edgar/data/1622536/000162253625000013/ex996proformafinancialsfre.htm
adjudication:b3e852570003f9b3,Talen Energy Corp,2700000000.0,other,GENUINE_no_party_in_excerpt,000162253625000037,https://www.sec.gov/Archives/edgar/data/1622536/000162253625000037/ex99120251125pressreleasec.htm
adjudication:e1e1cfdc3dc8cfb0,Nuveen Municipal Credit Opportunities Fu,2700000000.0,424B,RE_EXTRACT_named_party_in_quote,000199937126005700,https://www.sec.gov/Archives/edgar/data/1774342/000199937126005700/nmco-424b2_031226.htm
adjudication:1a7ed6bd55e5adb7,"Cannae Holdings, Inc.",2651700000.0,other,GENUINE_no_party_in_excerpt,000170472026000045,https://www.sec.gov/Archives/edgar/data/1704720/000170472026000045/exhibit992dunbradstreethol.htm
adjudication:a8763ccd49ba13ec,"Cannae Holdings, Inc.",2651700000.0,other,GENUINE_no_party_in_excerpt,000170472026000045,https://www.sec.gov/Archives/edgar/data/1704720/000170472026000045/exhibit993dunbradstreethol.htm
adjudication:4609edef80373744,"Cannae Holdings, Inc.",2651700000.0,other,GENUINE_no_party_in_excerpt,000170472026000045,https://www.sec.gov/Archives/edgar/data/1704720/000170472026000045/exhibit993dunbradstreethol.htm
adjudication:ddde16e1e1ad110d,"Cannae Holdings, Inc.",2651700000.0,other,GENUINE_no_party_in_excerpt,000170472026000045,https://www.sec.gov/Archives/edgar/data/1704720/000170472026000045/exhibit992dunbradstreethol.htm
adjudication:9a2a5bf07d968a23,Sunoco LP,2650000000.0,other,GENUINE_no_party_in_excerpt,000119312525112135,https://www.sec.gov/Archives/edgar/data/1552275/000119312525112135/d771241dex991.htm
adjudication:c9e2c144e8432507,Brookfield Renewable Partners L.P.,2626000000.0,other,GENUINE_no_party_in_excerpt,000153323224000008,https://www.sec.gov/Archives/edgar/data/1533232/000153323224000008/bepq12024-ex993.htm
adjudication:be7ea8afcc7a4b3a,Brookfield Renewable Partners L.P.,2626000000.0,other,GENUINE_no_party_in_excerpt,000153323224000014,https://www.sec.gov/Archives/edgar/data/1533232/000153323224000014/bepq32024-ex991.htm
adjudication:b2dc13d48f051785,Brookfield Renewable Partners L.P.,2626000000.0,other,GENUINE_no_party_in_excerpt,000153323224000011,https://www.sec.gov/Archives/edgar/data/1533232/000153323224000011/bepq22024-ex993.htm
adjudication:0dd8e3fd32b1dd3d,Talen Energy Corp,2600000000.0,other,GENUINE_no_party_in_excerpt,000162253625000013,https://www.sec.gov/Archives/edgar/data/1622536/000162253625000013/ex996proformafinancialsfre.htm
adjudication:c4d72581ab7517ad,Permian Resources Corp,2600000000.0,other,GENUINE_no_party_in_excerpt,000165856625000088,https://www.sec.gov/Archives/edgar/data/1658566/000165856625000088/ex991prq32025earningsrelea.htm
adjudication:86eea34b487b9fd6,Permian Resources Corp,2600000000.0,other,GENUINE_no_party_in_excerpt,000165856625000088,https://www.sec.gov/Archives/edgar/data/1658566/000165856625000088/ex991prq32025earningsrelea.htm
adjudication:1184c76914d147ec,"Global Net Lease, Inc.",2581700000.0,other,GENUINE_no_party_in_excerpt,000110465926019680,https://www.sec.gov/Archives/edgar/data/1526113/000110465926019680/tm267050d1_ex99-1.htm
adjudication:902c279b526e45f4,"Clearway Energy, Inc.",2545000000.0,other,GENUINE_no_party_in_excerpt,000156768325000028,https://www.sec.gov/Archives/edgar/data/1567683/000156768325000028/exhibit991-clearwayenergyi.htm
adjudication:9345e2636b0c0418,Energy Transfer LP,2510000000.0,other,GENUINE_no_party_in_excerpt,000127618725000080,https://www.sec.gov/Archives/edgar/data/1276187/000127618725000080/ex991eterq22025.htm
adjudication:bb0789d8515ca371,Energy Transfer LP,2510000000.0,other,GENUINE_no_party_in_excerpt,000127618725000080,https://www.sec.gov/Archives/edgar/data/1276187/000127618725000080/ex991eterq22025.htm
adjudication:7ff8689e2cfd4f21,SM Energy Co,2500000000.0,other,RE_EXTRACT_named_party_in_quote,000089353826000029,https://www.sec.gov/Archives/edgar/data/893538/000089353826000029/exhibit99202252026outlookr.htm
adjudication:8f2fbc90726ee703,WYNN RESORTS LTD,2500000000.0,other,GENUINE_no_party_in_excerpt,000117492225000115,https://www.sec.gov/Archives/edgar/data/1174922/000117492225000115/ex991wynnmacaulimitedann.htm
adjudication:04af69c1fbf99530,MEDICAL PROPERTIES TRUST INC,2500000000.0,other,GENUINE_no_party_in_excerpt,000119312525170123,https://www.sec.gov/Archives/edgar/data/1287865/000119312525170123/d67253dex991.htm
adjudication:ccb0ffab3b7b0fe6,SM Energy Co,2500000000.0,other,GENUINE_no_party_in_excerpt,000110465926023191,https://www.sec.gov/Archives/edgar/data/893538/000110465926023191/tm267946d1_ex99-3.htm
adjudication:15af665a00254743,SM Energy Co,2500000000.0,other,RE_EXTRACT_named_party_in_quote,000089353826000029,https://www.sec.gov/Archives/edgar/data/893538/000089353826000029/exhibit99202252026outlookr.htm
adjudication:c6ae8fdaae58b6f9,OMEGA HEALTHCARE INVESTORS INC,2500000000.0,424B,GENUINE_no_party_in_excerpt,000110465925058594,https://www.sec.gov/Archives/edgar/data/888491/000110465925058594/tm258489-2_424b5.htm
adjudication:78b8f696ee5c3754,"STARWOOD PROPERTY TRUST, INC.",2500000000.0,other,GENUINE_no_party_in_excerpt,000110465925068371,https://www.sec.gov/Archives/edgar/data/1465128/000110465925068371/tm2521052d1_ex99-1.htm
adjudication:981edcc2a371ee81,Sunoco LP,2500000000.0,other,GENUINE_no_party_in_excerpt,000155227526000015,https://www.sec.gov/Archives/edgar/data/1552275/000155227526000015/ex991sunerq42025.htm
adjudication:4b9d90796cabc574,EQUITY RESIDENTIAL,2500000000.0,other,GENUINE_no_party_in_excerpt,000095017025102035,https://www.sec.gov/Archives/edgar/data/906107/000095017025102035/eqr-ex99_1.htm
adjudication:2ab342fb42147dcf,Permian Resources Corp,2500000000.0,other,GENUINE_no_party_in_excerpt,000165856626000069,https://www.sec.gov/Archives/edgar/data/1658566/000165856626000069/ex991prq12026earningsrelea.htm
adjudication:1908d83bd6634573,"NRG ENERGY, INC.",2500000000.0,other,GENUINE_no_party_in_excerpt,000110465926022295,https://www.sec.gov/Archives/edgar/data/1013871/000110465926022295/tm267426d2_ex99-6.htm
adjudication:941895d19f672b3e,EQUITY RESIDENTIAL,2500000000.0,other,GENUINE_no_party_in_excerpt,000119312526187339,https://www.sec.gov/Archives/edgar/data/906107/000119312526187339/eqr-ex99_1.htm
adjudication:6833ea7e7210525c,EQUITY RESIDENTIAL,2500000000.0,other,GENUINE_no_party_in_excerpt,000119312526039455,https://www.sec.gov/Archives/edgar/data/906107/000119312526039455/eqr-ex99_1.htm
adjudication:57c9d16ff5f77d7f,Vertiv Holdings Co,2500000000.0,other,GENUINE_no_party_in_excerpt,000119312526088484,https://www.sec.gov/Archives/edgar/data/1674101/000119312526088484/d105148dex991.htm
adjudication:48c79631241b9a33,EQUITY RESIDENTIAL,2500000000.0,other,GENUINE_no_party_in_excerpt,000095017025102035,https://www.sec.gov/Archives/edgar/data/906107/000095017025102035/eqr-ex99_1.htm
adjudication:ec1ab03c8392ab04,Vertiv Holdings Co,2500000000.0,other,GENUINE_no_party_in_excerpt,000119312526088484,https://www.sec.gov/Archives/edgar/data/1674101/000119312526088484/d105148dex991.htm
adjudication:3052c5cad7c20c51,EQUITY RESIDENTIAL,2500000000.0,other,GENUINE_no_party_in_excerpt,000119312526187339,https://www.sec.gov/Archives/edgar/data/906107/000119312526187339/eqr-ex99_1.htm
adjudication:94aa65b017dd5ba6,"STARWOOD PROPERTY TRUST, INC.",2500000000.0,8-K,GENUINE_no_party_in_excerpt,000110465925068371,https://www.sec.gov/Archives/edgar/data/1465128/000110465925068371/tm2521052d1_8k.htm
adjudication:8850a40a75b6894f,"NRG ENERGY, INC.",2500000000.0,other,GENUINE_no_party_in_excerpt,000110465926022295,https://www.sec.gov/Archives/edgar/data/1013871/000110465926022295/tm267426d2_ex99-6.htm
adjudication:f8b4864869afeb23,MOSAIC CO,2500000000.0,424B,GENUINE_no_party_in_excerpt,000119312525273360,https://www.sec.gov/Archives/edgar/data/1285785/000119312525273360/d916326d424b5.htm
adjudication:7f65747ea923e3e3,EQUITY RESIDENTIAL,2500000000.0,other,GENUINE_no_party_in_excerpt,000119312525253637,https://www.sec.gov/Archives/edgar/data/906107/000119312525253637/eqr-ex99_1.htm
adjudication:19a6b35707bd2d40,Sunoco LP,2500000000.0,other,GENUINE_no_party_in_excerpt,000155227526000015,https://www.sec.gov/Archives/edgar/data/1552275/000155227526000015/ex991sunerq42025.htm
adjudication:dbf2fa7eaff70948,EQUITY RESIDENTIAL,2500000000.0,other,GENUINE_no_party_in_excerpt,000119312525253637,https://www.sec.gov/Archives/edgar/data/906107/000119312525253637/eqr-ex99_1.htm
adjudication:06a4a43389088dce,EQUITY RESIDENTIAL,2500000000.0,other,GENUINE_no_party_in_excerpt,000119312526039455,https://www.sec.gov/Archives/edgar/data/906107/000119312526039455/eqr-ex99_1.htm
adjudication:249e0e46bdbee697,WYNN RESORTS LTD,2500000000.0,other,GENUINE_no_party_in_excerpt,000117492225000115,https://www.sec.gov/Archives/edgar/data/1174922/000117492225000115/ex991wynnmacaulimitedann.htm
adjudication:08b17b0238908760,SANMINA CORP,2500000000.0,8-K,GENUINE_no_party_in_excerpt,000110465925050437,https://www.sec.gov/Archives/edgar/data/897723/000110465925050437/tm2515499d1_8k.htm
adjudication:a9890f9b7a8e2251,GENUINE PARTS CO,2500000000.0,other,GENUINE_no_party_in_excerpt,000119312526053013,https://www.sec.gov/Archives/edgar/data/40987/000119312526053013/d44894dex991.htm
adjudication:4efe4f59290ca807,OMEGA HEALTHCARE INVESTORS INC,2500000000.0,424B,RE_EXTRACT_named_party_in_quote,000110465925058594,https://www.sec.gov/Archives/edgar/data/888491/000110465925058594/tm258489-2_424b5.htm
adjudication:68014cad6480df43,"NRG ENERGY, INC.",2494000000.0,other,GENUINE_no_party_in_excerpt,000110465926022295,https://www.sec.gov/Archives/edgar/data/1013871/000110465926022295/tm267426d2_ex99-6.htm
adjudication:7fa534d9ec1feb93,"AMC ENTERTAINMENT HOLDINGS, INC.",2480000000.0,other,GENUINE_no_party_in_excerpt,000110465926018352,https://www.sec.gov/Archives/edgar/data/1411579/000110465926018352/tm267018d1_ex99-1.htm
adjudication:abc1818813a8c78e,SPIRE INC,2480000000.0,EX-10_exhibit,GENUINE_no_party_in_excerpt,000119312525282583,https://www.sec.gov/Archives/edgar/data/1126956/000119312525282583/sr-ex10_47.htm
adjudication:41dc6b20bc40851a,Reynolds Consumer Products Inc.,2475000000.0,other,RE_EXTRACT_named_party_in_quote,000162828025009801,https://www.sec.gov/Archives/edgar/data/1786431/000162828025009801/exhibit991.htm
adjudication:3a813c48f69e4ed1,Reynolds Consumer Products Inc.,2475000000.0,other,RE_EXTRACT_named_party_in_quote,000162828025009801,https://www.sec.gov/Archives/edgar/data/1786431/000162828025009801/exhibit991.htm
adjudication:1cae307314d213f6,DEXCOM INC,2420000000.0,other,GENUINE_no_party_in_excerpt,000109355726000072,https://www.sec.gov/Archives/edgar/data/1093557/000109355726000072/dxcm3312026-exhibit991.htm
adjudication:f9ffdb50939d9c39,DEXCOM INC,2420000000.0,other,GENUINE_no_party_in_excerpt,000109355726000072,https://www.sec.gov/Archives/edgar/data/1093557/000109355726000072/dxcm3312026-exhibit991.htm
adjudication:9213df2e7cb367f5,MidCap Financial Investment Corp,2415000000.0,other,GENUINE_no_party_in_excerpt,000119312526076894,https://www.sec.gov/Archives/edgar/data/1278752/000119312526076894/d24302dex991.htm
adjudication:684a19ab6d350e80,Aramark,2400000000.0,other,GENUINE_no_party_in_excerpt,000158450926000037,https://www.sec.gov/Archives/edgar/data/1584509/000158450926000037/ex991armkq1fy2026.htm
adjudication:fcff8c370ad83ca3,"NRG ENERGY, INC.",2400000000.0,other,GENUINE_no_party_in_excerpt,000110465926009194,https://www.sec.gov/Archives/edgar/data/1013871/000110465926009194/tm264311d2_ex99-9.htm
adjudication:daf5f324a9533b0c,"NRG ENERGY, INC.",2400000000.0,other,RE_EXTRACT_named_party_in_quote,000110465925093002,https://www.sec.gov/Archives/edgar/data/1013871/000110465925093002/tm2526385d2_ex99-1.htm
adjudication:ec4e8a3da83dd59d,KIMCO REALTY CORP,2362900000.0,other,GENUINE_no_party_in_excerpt,000119312525257371,https://www.sec.gov/Archives/edgar/data/879101/000119312525257371/kim-ex99_1.htm
adjudication:b69344b2d1c22def,"NRG ENERGY, INC.",2351745625.0,other,RE_EXTRACT_named_party_in_quote,000110465926022295,https://www.sec.gov/Archives/edgar/data/1013871/000110465926022295/tm267426d2_ex99-1.htm
adjudication:c982778708f3c927,"ADAMAS TRUST, INC.",2312000000.0,424B,GENUINE_no_party_in_excerpt,000110465925063875,https://www.sec.gov/Archives/edgar/data/1273685/000110465925063875/tm2519350-1_424b5.htm
adjudication:e65af888eb7a9cac,"HEALTHPEAK PROPERTIES, INC.",2300000000.0,other,GENUINE_no_party_in_excerpt,000162828025035929,https://www.sec.gov/Archives/edgar/data/765880/000162828025035929/ex99106302025.htm
adjudication:8441c066dc7fe0f6,MURPHY OIL CORP,2300000000.0,other,GENUINE_no_party_in_excerpt,000095010326000187,https://www.sec.gov/Archives/edgar/data/717423/000095010326000187/dp239642_ex9901.htm
adjudication:eac1d50b80dcc5ba,"HEALTHPEAK PROPERTIES, INC.",2300000000.0,other,GENUINE_no_party_in_excerpt,000162828025035929,https://www.sec.gov/Archives/edgar/data/765880/000162828025035929/ex99106302025.htm
adjudication:834008e2fe767a42,RADIAN GROUP INC,2300000000.0,other,GENUINE_no_party_in_excerpt,000119312526058134,https://www.sec.gov/Archives/edgar/data/890926/000119312526058134/rdn-ex99_1.htm
adjudication:7e17da9318d38511,RADIAN GROUP INC,2300000000.0,other,GENUINE_no_party_in_excerpt,000119312526058134,https://www.sec.gov/Archives/edgar/data/890926/000119312526058134/rdn-ex99_1.htm
adjudication:924e355b56f99a56,MURPHY OIL CORP,2300000000.0,other,GENUINE_no_party_in_excerpt,000095010326000187,https://www.sec.gov/Archives/edgar/data/717423/000095010326000187/dp239642_ex9901.htm
adjudication:03cb7787198b7343,Crane Co,2300000000.0,other,GENUINE_no_party_in_excerpt,000194401326000114,https://www.sec.gov/Archives/edgar/data/1944013/000194401326000114/ex993psiacquisitionproforma.htm
adjudication:eae605dfc2e82a8b,OPEN TEXT CORP,2275000000.0,other,GENUINE_no_party_in_excerpt,000100263824000015,https://www.sec.gov/Archives/edgar/data/1002638/000100263824000015/otex-20240501.htm
adjudication:727d8e33f842050f,OPEN TEXT CORP,2275000000.0,other,GENUINE_no_party_in_excerpt,000100263824000015,https://www.sec.gov/Archives/edgar/data/1002638/000100263824000015/ex9923-05filing.htm
adjudication:396c671a5bc33401,"CONSTELLATION BRANDS, INC.",2250000000.0,424B,GENUINE_no_party_in_excerpt,000119312526206688,https://www.sec.gov/Archives/edgar/data/16918/000119312526206688/d147700d424b2.htm
adjudication:5c4d4736e29ee603,INTEL CORP,2250000000.0,424B,GENUINE_no_party_in_excerpt,000119312526192240,https://www.sec.gov/Archives/edgar/data/50863/000119312526192240/d271916d424b5.htm
adjudication:d2e564b9b6c600e2,NUCOR CORP,2250000000.0,other,GENUINE_no_party_in_excerpt,000119312525251721,https://www.sec.gov/Archives/edgar/data/73309/000119312525251721/d34902dex991.htm
adjudication:7b14a5d090df4b16,NUCOR CORP,2250000000.0,other,GENUINE_no_party_in_excerpt,000119312526182332,https://www.sec.gov/Archives/edgar/data/73309/000119312526182332/d150975dex991.htm
adjudication:b49543585c17d6fe,"CONSTELLATION BRANDS, INC.",2250000000.0,424B,GENUINE_no_party_in_excerpt,000119312526202730,https://www.sec.gov/Archives/edgar/data/16918/000119312526202730/d147700d424b3.htm
adjudication:e483adacd9bf2292,NUCOR CORP,2250000000.0,other,GENUINE_no_party_in_excerpt,000119312526022733,https://www.sec.gov/Archives/edgar/data/73309/000119312526022733/d20933dex991.htm
adjudication:ac38eef5c34d1e9e,NUCOR CORP,2250000000.0,other,GENUINE_no_party_in_excerpt,000119312526182332,https://www.sec.gov/Archives/edgar/data/73309/000119312526182332/d150975dex991.htm
adjudication:7c8f0c63f5fa6132,NUCOR CORP,2250000000.0,other,GENUINE_no_party_in_excerpt,000119312526022733,https://www.sec.gov/Archives/edgar/data/73309/000119312526022733/d20933dex991.htm
adjudication:f4aa3d498d824612,ABBOTT LABORATORIES,2250000000.0,424B,GENUINE_no_party_in_excerpt,000110465926019401,https://www.sec.gov/Archives/edgar/data/1800/000110465926019401/tm264905-5_424b5.htm
adjudication:f9fb9211f9f14741,NUCOR CORP,2250000000.0,other,GENUINE_no_party_in_excerpt,000119312525251721,https://www.sec.gov/Archives/edgar/data/73309/000119312525251721/d34902dex991.htm
adjudication:df2c43b2f7ef2b6a,INTEL CORP,2250000000.0,424B,GENUINE_no_party_in_excerpt,000119312526192240,https://www.sec.gov/Archives/edgar/data/50863/000119312526192240/d271916d424b5.htm
adjudication:4ecccdecb09fdff9,"CONSTELLATION BRANDS, INC.",2250000000.0,424B,GENUINE_no_party_in_excerpt,000119312526202730,https://www.sec.gov/Archives/edgar/data/16918/000119312526202730/d147700d424b3.htm
adjudication:5bb4817bc7fddd88,KIMCO REALTY CORP,2227800000.0,other,GENUINE_no_party_in_excerpt,000095017025100547,https://www.sec.gov/Archives/edgar/data/879101/000095017025100547/kim-ex99_1.htm
adjudication:7d9c1f6609e96647,KIMCO REALTY CORP,2212800000.0,other,GENUINE_no_party_in_excerpt,000119312526047615,https://www.sec.gov/Archives/edgar/data/879101/000119312526047615/kim-ex99_1.htm
adjudication:293232646e6392be,Energy Transfer LP,2210000000.0,other,GENUINE_no_party_in_excerpt,000127618725000008,https://www.sec.gov/Archives/edgar/data/1276187/000127618725000008/et12312024ex991er.htm
adjudication:66e896cf992bec91,"GOLUB CAPITAL BDC, Inc.",2200500000.0,EX-10_exhibit,GENUINE_no_party_in_excerpt,000110465924121602,https://www.sec.gov/Archives/edgar/data/1476765/000110465924121602/tm2429095d1_ex10-1.htm
adjudication:66071eec34fabcca,Sunoco LP,2200000000.0,other,GENUINE_no_party_in_excerpt,000155227526000039,https://www.sec.gov/Archives/edgar/data/1552275/000155227526000039/ex991sunerq12026.htm
adjudication:6d307816b665f793,Amcor plc,2200000000.0,other,GENUINE_no_party_in_excerpt,000110465925096056,https://www.sec.gov/Archives/edgar/data/1748790/000110465925096056/tm2527433d1_ex99-1.htm
adjudication:4a3adaf19f3c243a,Sunoco LP,2200000000.0,other,GENUINE_no_party_in_excerpt,000155227526000039,https://www.sec.gov/Archives/edgar/data/1552275/000155227526000039/ex991sunerq12026.htm
adjudication:51773fa326c1a3a0,Amcor plc,2200000000.0,other,GENUINE_no_party_in_excerpt,000110465925067747,https://www.sec.gov/Archives/edgar/data/1748790/000110465925067747/tm2517870d1_ex99-1.htm
adjudication:677cf4df5948391a,KIMCO REALTY CORP,2132500000.0,other,GENUINE_no_party_in_excerpt,000095017025061434,https://www.sec.gov/Archives/edgar/data/879101/000095017025061434/kim-ex99_1.htm
adjudication:5b62f395c7b2a292,Energy Transfer LP,2120000000.0,other,GENUINE_no_party_in_excerpt,000127618726000004,https://www.sec.gov/Archives/edgar/data/1276187/000127618726000004/et12312025ex991er.htm
adjudication:56b60a87493ee2ec,Energy Transfer LP,2120000000.0,other,GENUINE_no_party_in_excerpt,000127618726000004,https://www.sec.gov/Archives/edgar/data/1276187/000127618726000004/et12312025ex991er.htm
adjudication:f7aee86dcd6bd605,"WOLFSPEED, INC.",2100000000.0,424B,GENUINE_no_party_in_excerpt,000089541926000019,https://www.sec.gov/Archives/edgar/data/895419/000089541926000019/wolf-q22610xq424b3.htm
adjudication:30d5cb4bb8ed2676,Investar Holding Corp,2100000000.0,other,GENUINE_no_party_in_excerpt,000143774925028171,https://www.sec.gov/Archives/edgar/data/1602658/000143774925028171/istr20250826_s3.htm
adjudication:91798b01d4597d0f,Blackstone Secured Lending Fund,2100000000.0,other,GENUINE_no_party_in_excerpt,000119312524195369,https://www.sec.gov/Archives/edgar/data/1736035/000119312524195369/d834308dex991.htm
adjudication:452b7791b2cea7a1,Investar Holding Corp,2100000000.0,424B,GENUINE_no_party_in_excerpt,000143774925029409,https://www.sec.gov/Archives/edgar/data/1602658/000143774925029409/istr20250915_424b3.htm
adjudication:8a2c64182fbeea03,"Amneal Pharmaceuticals, Inc.",2100000000.0,other,GENUINE_no_party_in_excerpt,000172312826000008,https://www.sec.gov/Archives/edgar/data/1723128/000172312826000008/amrx-q42025ex991.htm
adjudication:93cc52afbec9971c,Vertiv Holdings Co,2100000000.0,other,GENUINE_no_party_in_excerpt,000162828026026379,https://www.sec.gov/Archives/edgar/data/1674101/000162828026026379/q12026exhibit991vrt04222026.htm
adjudication:80f53f21a833f6f5,Vertiv Holdings Co,2100000000.0,other,GENUINE_no_party_in_excerpt,000162828026026379,https://www.sec.gov/Archives/edgar/data/1674101/000162828026026379/q12026exhibit991vrt04222026.htm
adjudication:af10fe4a9ba4a629,"Amneal Pharmaceuticals, Inc.",2100000000.0,other,GENUINE_no_party_in_excerpt,000172312825000059,https://www.sec.gov/Archives/edgar/data/1723128/000172312825000059/amrx-q32025ex991.htm
adjudication:fb79f9c39c6c95f2,Blackstone Secured Lending Fund,2100000000.0,other,FETCH_syndicate_roster,000119312524195369,https://www.sec.gov/Archives/edgar/data/1736035/000119312524195369/d834308dex991.htm
adjudication:f5db074eeea6b8e9,Vertiv Holdings Co,2100000000.0,other,GENUINE_no_party_in_excerpt,000119312526088484,https://www.sec.gov/Archives/edgar/data/1674101/000119312526088484/d105148dex991.htm
adjudication:7bec5b26b5e8a51c,"WOLFSPEED, INC.",2100000000.0,424B,GENUINE_no_party_in_excerpt,000089541926000019,https://www.sec.gov/Archives/edgar/data/895419/000089541926000019/wolf-q22610xq424b3.htm
adjudication:0f19d9d3da261922,Investar Holding Corp,2100000000.0,other,RE_EXTRACT_named_party_in_quote,000143774925028171,https://www.sec.gov/Archives/edgar/data/1602658/000143774925028171/istr20250826_s3.htm
adjudication:0e6e4b47f764e50a,Investar Holding Corp,2100000000.0,424B,RE_EXTRACT_named_party_in_quote,000143774925029409,https://www.sec.gov/Archives/edgar/data/1602658/000143774925029409/istr20250915_424b3.htm
adjudication:f9f241051eab9719,Vertiv Holdings Co,2100000000.0,other,GENUINE_no_party_in_excerpt,000162828026026379,https://www.sec.gov/Archives/edgar/data/1674101/000162828026026379/q12026exhibit991vrt04222026.htm
adjudication:180735bf86c3c889,"Janus Living, Inc.",2080000000.0,other,GENUINE_no_party_in_excerpt,000162828026030581,https://www.sec.gov/Archives/edgar/data/2100805/000162828026030581/ex99103312026.htm
adjudication:abf41c3f5e5c3193,VSE CORP,2025000000.0,8-K,GENUINE_no_party_in_excerpt,000119312526028344,https://www.sec.gov/Archives/edgar/data/102752/000119312526028344/d802184d8k.htm
adjudication:d32b2107004831fb,W. P. Carey Inc.,2000000000.0,8-K,GENUINE_no_party_in_excerpt,000110465926014536,https://www.sec.gov/Archives/edgar/data/1025378/000110465926014536/tm266254d1_8k.htm
adjudication:3966107519355654,BIOMARIN PHARMACEUTICAL INC,2000000000.0,other,GENUINE_no_party_in_excerpt,000119312526048736,https://www.sec.gov/Archives/edgar/data/1048477/000119312526048736/d63881dex991.htm
adjudication:8b68abd5750735e9,Blackstone Secured Lending Fund,2000000000.0,other,GENUINE_no_party_in_excerpt,000121390026053022,https://www.sec.gov/Archives/edgar/data/1736035/000121390026053022/ea0289403-01_ex991.htm
adjudication:1f7c4ef61017c6d5,KIMCO REALTY CORP,2000000000.0,other,GENUINE_no_party_in_excerpt,000119312526047615,https://www.sec.gov/Archives/edgar/data/879101/000119312526047615/kim-ex99_1.htm
adjudication:a050037751cbf443,KIMCO REALTY CORP,2000000000.0,other,GENUINE_no_party_in_excerpt,000095017025061434,https://www.sec.gov/Archives/edgar/data/879101/000095017025061434/kim-ex99_1.htm
adjudication:0f8a62af7c0c07f8,LINCOLN NATIONAL CORP,2000000000.0,424B,GENUINE_no_party_in_excerpt,000119312526082772,https://www.sec.gov/Archives/edgar/data/59558/000119312526082772/d855228d424b3.htm
adjudication:a874247ba965d071,KIMCO REALTY CORP,2000000000.0,other,GENUINE_no_party_in_excerpt,000095017025100547,https://www.sec.gov/Archives/edgar/data/879101/000095017025100547/kim-ex99_1.htm
adjudication:963788f67b130724,KIMCO REALTY CORP,2000000000.0,other,GENUINE_no_party_in_excerpt,000119312525257371,https://www.sec.gov/Archives/edgar/data/879101/000119312525257371/kim-ex99_1.htm
adjudication:c8a7101612b8b8d3,BIOMARIN PHARMACEUTICAL INC,2000000000.0,other,GENUINE_no_party_in_excerpt,000119312526021718,https://www.sec.gov/Archives/edgar/data/1048477/000119312526021718/d100834dex993.htm
adjudication:1320c6aad346cc69,Eaton Corp plc,2000000000.0,424B,GENUINE_no_party_in_excerpt,000114036126007960,https://www.sec.gov/Archives/edgar/data/1551182/000114036126007960/ny20066192x1_424b5.htm
adjudication:b3fa4cf19fb9cebf,OMEGA HEALTHCARE INVESTORS INC,2000000000.0,424B,GENUINE_no_party_in_excerpt,000110465925105533,https://www.sec.gov/Archives/edgar/data/888491/000110465925105533/tm2529032-1_424b2.htm
adjudication:9e090bccea8a5b8b,KIMCO REALTY CORP,2000000000.0,other,GENUINE_no_party_in_excerpt,000095017025061434,https://www.sec.gov/Archives/edgar/data/879101/000095017025061434/kim-ex99_1.htm
adjudication:2c7e9db38b94a8ec,Blackstone Secured Lending Fund,2000000000.0,other,GENUINE_no_party_in_excerpt,000121390026053022,https://www.sec.gov/Archives/edgar/data/1736035/000121390026053022/ea0289403-01_ex991.htm
adjudication:c23bc51021876e28,KIMCO REALTY CORP,2000000000.0,other,GENUINE_no_party_in_excerpt,000095017025100547,https://www.sec.gov/Archives/edgar/data/879101/000095017025100547/kim-ex99_1.htm
adjudication:44069872652b8950,"James River Group Holdings, Inc.",2000000000.0,other,GENUINE_no_party_in_excerpt,000162045926000031,https://www.sec.gov/Archives/edgar/data/1620459/000162045926000031/exhibit991.htm
adjudication:0a62a60d1888bc39,S&P Global Inc.,2000000000.0,other,GENUINE_no_party_in_excerpt,000110465926063054,https://www.sec.gov/Archives/edgar/data/64040/000110465926063054/tm2614786d1_ex99-1.htm
adjudication:963ba31816b41ffe,KIMCO REALTY CORP,2000000000.0,other,GENUINE_no_party_in_excerpt,000119312526193907,https://www.sec.gov/Archives/edgar/data/879101/000119312526193907/kim-ex99_1.htm
adjudication:759d128010ef2931,GENUINE PARTS CO,2000000000.0,other,GENUINE_no_party_in_excerpt,000119312526053013,https://www.sec.gov/Archives/edgar/data/40987/000119312526053013/d44894dex991.htm
adjudication:a8c5b8f9e41bafd0,KIMCO REALTY CORP,2000000000.0,other,GENUINE_no_party_in_excerpt,000119312526193907,https://www.sec.gov/Archives/edgar/data/879101/000119312526193907/kim-ex99_1.htm
adjudication:689d20056d7752e6,CARDINAL HEALTH INC,2000000000.0,other,GENUINE_no_party_in_excerpt,000072137125000122,https://www.sec.gov/Archives/edgar/data/721371/000072137125000122/cah-20250930.htm
adjudication:24e315c8bb7293b2,GENUINE PARTS CO,2000000000.0,other,GENUINE_no_party_in_excerpt,000119312526053013,https://www.sec.gov/Archives/edgar/data/40987/000119312526053013/d44894dex991.htm
adjudication:005a4a148ee09524,AGREE REALTY CORP,2000000000.0,other,GENUINE_no_party_in_excerpt,000091725126000012,https://www.sec.gov/Archives/edgar/data/917251/000091725126000012/adc20251231-exhibit991.htm
adjudication:c4d7fa7f3ec9c08a,BIOMARIN PHARMACEUTICAL INC,2000000000.0,other,GENUINE_no_party_in_excerpt,000119312526029401,https://www.sec.gov/Archives/edgar/data/1048477/000119312526029401/d170996dex991.htm
adjudication:ff1f3e0f69d0d6c8,BIOMARIN PHARMACEUTICAL INC,2000000000.0,8-K,GENUINE_no_party_in_excerpt,000119312526021718,https://www.sec.gov/Archives/edgar/data/1048477/000119312526021718/d100834d8k.htm
adjudication:fb9e5c4e27a5fbf1,AGREE REALTY CORP,2000000000.0,other,GENUINE_no_party_in_excerpt,000091725126000012,https://www.sec.gov/Archives/edgar/data/917251/000091725126000012/adc20251231-exhibit991.htm
adjudication:5e8109e5e2966e35,Constellation Energy Corp,2000000000.0,EX-4_exhibit,GENUINE_no_party_in_excerpt,000110465926001780,https://www.sec.gov/Archives/edgar/data/1868275/000110465926001780/tm2532248d1_ex4-3.htm
adjudication:bb48337b802935b2,Constellation Energy Corp,2000000000.0,EX-4_exhibit,RE_EXTRACT_named_party_in_quote,000110465926001780,https://www.sec.gov/Archives/edgar/data/1868275/000110465926001780/tm2532248d1_ex4-1.htm
adjudication:8022127b21940cf1,"James River Group Holdings, Inc.",2000000000.0,other,GENUINE_no_party_in_excerpt,000162045926000013,https://www.sec.gov/Archives/edgar/data/1620459/000162045926000013/exhibit991.htm
adjudication:c0516ad86eb8549d,Allison Transmission Holdings Inc,2000000000.0,other,GENUINE_no_party_in_excerpt,000119312526106549,https://www.sec.gov/Archives/edgar/data/1411207/000119312526106549/d114759dex993.htm
adjudication:19110b55524cb1ae,Allison Transmission Holdings Inc,2000000000.0,other,GENUINE_no_party_in_excerpt,000119312526106549,https://www.sec.gov/Archives/edgar/data/1411207/000119312526106549/d114759dex993.htm
adjudication:9068143963d6aeb8,"DICK'S SPORTING GOODS, INC.",2000000000.0,424B,GENUINE_no_party_in_excerpt,000114036125025528,https://www.sec.gov/Archives/edgar/data/1089063/000114036125025528/ny20050218x6_424b3.htm
adjudication:01a1d06765fd23d9,DEXCOM INC,2000000000.0,other,GENUINE_no_party_in_excerpt,000109355726000025,https://www.sec.gov/Archives/edgar/data/1093557/000109355726000025/dxcm12312025-exhibit991.htm
adjudication:acaf74a0d136932d,Eaton Corp plc,2000000000.0,424B,GENUINE_no_party_in_excerpt,000114036126008311,https://www.sec.gov/Archives/edgar/data/1551182/000114036126008311/ny20066192x5_424b5.htm
adjudication:f3e9fe983bad0aac,KIMCO REALTY CORP,2000000000.0,other,GENUINE_no_party_in_excerpt,000119312526047615,https://www.sec.gov/Archives/edgar/data/879101/000119312526047615/kim-ex99_1.htm
adjudication:8a960e031dcc62a5,DAVITA INC.,2000000000.0,other,GENUINE_no_party_in_excerpt,000092706626000004,https://www.sec.gov/Archives/edgar/data/927066/000092706626000004/dva-123125ex991.htm
adjudication:2152cd9781e28012,Baker Hughes Co,2000000000.0,8-K,GENUINE_no_party_in_excerpt,000119312526102422,https://www.sec.gov/Archives/edgar/data/1701605/000119312526102422/d39076d8k.htm
adjudication:8490ee19efcfc1af,DEXCOM INC,2000000000.0,other,GENUINE_no_party_in_excerpt,000109355726000025,https://www.sec.gov/Archives/edgar/data/1093557/000109355726000025/dxcm12312025-exhibit991.htm
adjudication:f4f3cf3aa0b0f267,"BLACKSTONE MORTGAGE TRUST, INC.",2000000000.0,EX-10_exhibit,GENUINE_no_party_in_excerpt,000106163025000101,https://www.sec.gov/Archives/edgar/data/1061630/000106163025000101/exhibit1032q25.htm
adjudication:7870fec0ef478a62,BIOMARIN PHARMACEUTICAL INC,2000000000.0,8-K,RE_EXTRACT_named_party_in_quote,000119312526029401,https://www.sec.gov/Archives/edgar/data/1048477/000119312526029401/d170996d8k.htm
adjudication:6d48ae803ef1a947,Constellation Energy Corp,2000000000.0,EX-4_exhibit,GENUINE_no_party_in_excerpt,000110465926001780,https://www.sec.gov/Archives/edgar/data/1868275/000110465926001780/tm2532248d1_ex4-2.htm
adjudication:5596dfc5b6efc6e5,AGREE REALTY CORP,2000000000.0,other,GENUINE_no_party_in_excerpt,000091725126000046,https://www.sec.gov/Archives/edgar/data/917251/000091725126000046/adc20260331-ex991.htm
adjudication:1205d55ce86ce54f,KIMCO REALTY CORP,2000000000.0,other,GENUINE_no_party_in_excerpt,000119312525257371,https://www.sec.gov/Archives/edgar/data/879101/000119312525257371/kim-ex99_1.htm
adjudication:1eff3117428cdea0,SFL Corp Ltd.,2000000000.0,other,GENUINE_no_party_in_excerpt,000128987725000009,https://www.sec.gov/Archives/edgar/data/1289877/000128987725000009/sfl-q42024earningsreleasef.htm
adjudication:9296b1d93508b774,SFL Corp Ltd.,2000000000.0,other,GENUINE_no_party_in_excerpt,000128987724000040,https://www.sec.gov/Archives/edgar/data/1289877/000128987724000040/sfl-q22024earningsreleasef.htm
adjudication:00ef99434e825153,Eaton Corp plc,2000000000.0,424B,RE_EXTRACT_named_party_in_quote,000114036126008133,https://www.sec.gov/Archives/edgar/data/1551182/000114036126008133/ny20066192x6_424b5.htm
adjudication:2a84978ee271feb7,Vistra Corp.,2000000000.0,8-K,GENUINE_no_party_in_excerpt,000119312526002589,https://www.sec.gov/Archives/edgar/data/1692819/000119312526002589/d62722d8k.htm
adjudication:232f52e713242d69,AGREE REALTY CORP,2000000000.0,other,GENUINE_no_party_in_excerpt,000091725126000046,https://www.sec.gov/Archives/edgar/data/917251/000091725126000046/adc20260331-ex991.htm
adjudication:61597503c96b9991,SFL Corp Ltd.,2000000000.0,other,GENUINE_no_party_in_excerpt,000128987725000009,https://www.sec.gov/Archives/edgar/data/1289877/000128987725000009/sfl-q42024earningsreleasef.htm
adjudication:9a749aadea09e070,EBAY INC,2000000000.0,424B,GENUINE_no_party_in_excerpt,000155278125000384,https://www.sec.gov/Archives/edgar/data/1065088/000155278125000384/e25393_ebay-424b2.htm
adjudication:b58e65e321ab712d,W. P. Carey Inc.,2000000000.0,8-K,GENUINE_no_party_in_excerpt,000110465926014536,https://www.sec.gov/Archives/edgar/data/1025378/000110465926014536/tm266254d1_8k.htm
adjudication:7a678ed8b5e77d45,EBAY INC,2000000000.0,424B,GENUINE_no_party_in_excerpt,000155278125000391,https://www.sec.gov/Archives/edgar/data/1065088/000155278125000391/e25403_ebay-424b2.htm
adjudication:b8160c843bb558ec,"DICK'S SPORTING GOODS, INC.",2000000000.0,424B,GENUINE_no_party_in_excerpt,000114036125025528,https://www.sec.gov/Archives/edgar/data/1089063/000114036125025528/ny20050218x6_424b3.htm
adjudication:fc45e6ff22a3d94a,Aptiv PLC,2000000000.0,other,GENUINE_no_party_in_excerpt,000095010326003254,https://www.sec.gov/Archives/edgar/data/1521332/000095010326003254/dp242413_ex9901.htm
adjudication:861ebedc151c8cdf,"NRG ENERGY, INC.",2000000000.0,other,GENUINE_no_party_in_excerpt,000110465925092754,https://www.sec.gov/Archives/edgar/data/1013871/000110465925092754/tm2526385d1_ex99-12.htm
adjudication:008dc4075d9ea972,OMEGA HEALTHCARE INVESTORS INC,2000000000.0,424B,GENUINE_no_party_in_excerpt,000110465925105533,https://www.sec.gov/Archives/edgar/data/888491/000110465925105533/tm2529032-1_424b2.htm
adjudication:79f2fe8a1db3647d,Blackstone Secured Lending Fund,2000000000.0,other,GENUINE_no_party_in_excerpt,000121390026053022,https://www.sec.gov/Archives/edgar/data/1736035/000121390026053022/ea0289403-01_ex991.htm
adjudication:78aaf786a52f170e,S&P Global Inc.,2000000000.0,other,GENUINE_no_party_in_excerpt,000110465926063054,https://www.sec.gov/Archives/edgar/data/64040/000110465926063054/tm2614786d1_ex99-1.htm
adjudication:b829cfc48044b7e6,EMERSON ELECTRIC CO,2000000000.0,other,GENUINE_no_party_in_excerpt,000003260426000022,https://www.sec.gov/Archives/edgar/data/32604/000003260426000022/emr-20260210.htm
adjudication:b8b9cc1421ebfb61,Energy Transfer LP,1980000000.0,other,GENUINE_no_party_in_excerpt,000119312525178992,https://www.sec.gov/Archives/edgar/data/1276187/000119312525178992/d939035dex991.htm
adjudication:323c528ad828298c,Energy Transfer LP,1980000000.0,other,GENUINE_no_party_in_excerpt,000119312525178992,https://www.sec.gov/Archives/edgar/data/1276187/000119312525178992/d939035dex991.htm
adjudication:d7c881329881c0b8,"ADAMAS TRUST, INC.",1956500000.0,424B,GENUINE_no_party_in_excerpt,000110465925001887,https://www.sec.gov/Archives/edgar/data/1273685/000110465925001887/tm252130-1_424b5.htm
adjudication:1af4b3a9b13fb3e1,"EURONET WORLDWIDE, INC.",1922600000.0,other,GENUINE_no_party_in_excerpt,000121390025013143,https://www.sec.gov/Archives/edgar/data/1029199/000121390025013143/ex991_1.htm
adjudication:4e5e895d1ff80554,MidCap Financial Investment Corp,1921000000.0,other,GENUINE_no_party_in_excerpt,000119312525269805,https://www.sec.gov/Archives/edgar/data/1278752/000119312525269805/d46238dex991.htm
adjudication:a49050b0602481a8,Vistra Corp.,1900000000.0,8-K,GENUINE_no_party_in_excerpt,000119312525253608,https://www.sec.gov/Archives/edgar/data/1692819/000119312525253608/d912702d8k.htm
adjudication:cefdfedaff5fc27c,Wayfair Inc.,1900000000.0,other,GENUINE_no_party_in_excerpt,000161670726000024,https://www.sec.gov/Archives/edgar/data/1616707/000161670726000024/a2026-02x19ex991.htm
adjudication:7f4028b29235326a,DAVITA INC.,1900000000.0,other,GENUINE_no_party_in_excerpt,000092706625000163,https://www.sec.gov/Archives/edgar/data/927066/000092706625000163/dva-93025ex991.htm
adjudication:9b16b91aa05d01be,CARDINAL HEALTH INC,1900000000.0,424B,GENUINE_no_party_in_excerpt,000119312525179482,https://www.sec.gov/Archives/edgar/data/721371/000119312525179482/d42072d424b3.htm
adjudication:6be2ca71816f7cdb,DANA Inc,1900000000.0,other,GENUINE_no_party_in_excerpt,000119312526056030,https://www.sec.gov/Archives/edgar/data/26780/000119312526056030/d106316dex991.htm
adjudication:eee10746d2164e47,Wayfair Inc.,1900000000.0,other,GENUINE_no_party_in_excerpt,000161670726000024,https://www.sec.gov/Archives/edgar/data/1616707/000161670726000024/a2026-02x19ex991.htm
adjudication:a03de537ca9b6e7d,DANA Inc,1900000000.0,other,GENUINE_no_party_in_excerpt,000119312526056030,https://www.sec.gov/Archives/edgar/data/26780/000119312526056030/d106316dex991.htm
adjudication:8e8721f893408c86,Extra Space Storage Inc.,1900000000.0,424B,GENUINE_no_party_in_excerpt,000119312525175531,https://www.sec.gov/Archives/edgar/data/1289490/000119312525175531/d56245d424b5.htm
adjudication:dd23450ddf842979,"Broadstone Net Lease, Inc.",1900000000.0,other,GENUINE_no_party_in_excerpt,000095017025061057,https://www.sec.gov/Archives/edgar/data/1424182/000095017025061057/bnl-ex99_1.htm
adjudication:f4b4ddde8b1c1a34,COMMERCIAL METALS Co,1850000000.0,8-K,GENUINE_no_party_in_excerpt,000119312525319261,https://www.sec.gov/Archives/edgar/data/22444/000119312525319261/d42342d8k.htm
adjudication:9394ef945cc9e848,BELDEN INC.,1850000000.0,other,GENUINE_no_party_in_excerpt,000091314226000020,https://www.sec.gov/Archives/edgar/data/913142/000091314226000020/bdc-20260429.htm
adjudication:683e0da286ae8f55,SBA COMMUNICATIONS CORP,1850000000.0,other,GENUINE_no_party_in_excerpt,000119312526191545,https://www.sec.gov/Archives/edgar/data/1034054/000119312526191545/d49075dex991.htm
adjudication:c55c96a7bdfbde1c,COMMERCIAL METALS Co,1850000000.0,8-K,GENUINE_no_party_in_excerpt,000119312525319261,https://www.sec.gov/Archives/edgar/data/22444/000119312525319261/d42342d8k.htm
adjudication:b903b7d7931a310c,Brookfield Renewable Partners L.P.,1838000000.0,other,GENUINE_no_party_in_excerpt,000153323223000017,https://www.sec.gov/Archives/edgar/data/1533232/000153323223000017/bepq12023-ex991.htm
adjudication:01ecca242ba9bbde,Brookfield Renewable Partners L.P.,1838000000.0,other,GENUINE_no_party_in_excerpt,000153323223000024,https://www.sec.gov/Archives/edgar/data/1533232/000153323223000024/bepq32023-ex991.htm
adjudication:5dc9223d81c6e241,Brookfield Renewable Partners L.P.,1838000000.0,other,GENUINE_no_party_in_excerpt,000153323223000020,https://www.sec.gov/Archives/edgar/data/1533232/000153323223000020/bepq22023-ex993.htm
adjudication:7025d8a28132f918,LOEWS CORP,1800000000.0,424B,GENUINE_no_party_in_excerpt,000114036126004825,https://www.sec.gov/Archives/edgar/data/60086/000114036126004825/ny20064580x3_424b5.htm
adjudication:c529433d2f8de895,"Global Net Lease, Inc.",1800000000.0,other,GENUINE_no_party_in_excerpt,000110465926019680,https://www.sec.gov/Archives/edgar/data/1526113/000110465926019680/tm267050d1_ex99-1.htm
adjudication:fb7d20025655c281,"Global Net Lease, Inc.",1800000000.0,other,GENUINE_no_party_in_excerpt,000110465925074729,https://www.sec.gov/Archives/edgar/data/1526113/000110465925074729/tm2522631d1_ex99-1.htm
adjudication:907cf067d34ea197,"Builders FirstSource, Inc.",1800000000.0,other,GENUINE_no_party_in_excerpt,000119312525257380,https://www.sec.gov/Archives/edgar/data/1316835/000119312525257380/bldr-ex99_1.htm
adjudication:5f9ea4436a5376f7,"Cencora, Inc.",1800000000.0,other,GENUINE_no_party_in_excerpt,000114085926000004,https://www.sec.gov/Archives/edgar/data/1140859/000114085926000004/exhibit991-q12026.htm
adjudication:b6bf77e43be7181c,"Kennedy-Wilson Holdings, Inc.",1800000000.0,8-K,GENUINE_no_party_in_excerpt,000119312526218229,https://www.sec.gov/Archives/edgar/data/1408100/000119312526218229/d140668d8k.htm
adjudication:e49e1f3095bf8c29,"Global Net Lease, Inc.",1800000000.0,other,GENUINE_no_party_in_excerpt,000110465926001919,https://www.sec.gov/Archives/edgar/data/1526113/000110465926001919/tm262394d1_ex99-1.htm
adjudication:207bca909159077d,"Global Net Lease, Inc.",1800000000.0,other,GENUINE_no_party_in_excerpt,000110465925107039,https://www.sec.gov/Archives/edgar/data/1526113/000110465925107039/tm2530202d1_ex99-1.htm
adjudication:49a2783d5a7855e3,"PAR PACIFIC HOLDINGS, INC.",1800000000.0,other,RE_EXTRACT_named_party_in_quote,000119312526224142,https://www.sec.gov/Archives/edgar/data/821483/000119312526224142/d176382dex991.htm
adjudication:319366e0158b8ba9,"PAR PACIFIC HOLDINGS, INC.",1800000000.0,other,RE_EXTRACT_named_party_in_quote,000119312526215799,https://www.sec.gov/Archives/edgar/data/821483/000119312526215799/d49629dex992.htm
adjudication:247be536c0fce10b,"Global Net Lease, Inc.",1800000000.0,other,GENUINE_no_party_in_excerpt,000162828026011686,https://www.sec.gov/Archives/edgar/data/1526113/000162828026011686/ex991-gnlearningsrelease12.htm
adjudication:0ddcefea169be64c,"Global Net Lease, Inc.",1800000000.0,other,GENUINE_no_party_in_excerpt,000110465926001919,https://www.sec.gov/Archives/edgar/data/1526113/000110465926001919/tm262394d1_ex99-1.htm
adjudication:da869497079f5f89,Performance Food Group Co,1800000000.0,other,GENUINE_no_party_in_excerpt,000119312526036704,https://www.sec.gov/Archives/edgar/data/1618673/000119312526036704/pfgc-ex99_1.htm
adjudication:2d6e252be465f162,"Global Net Lease, Inc.",1800000000.0,other,GENUINE_no_party_in_excerpt,000162828026011686,https://www.sec.gov/Archives/edgar/data/1526113/000162828026011686/ex991-gnlearningsrelease12.htm
adjudication:36254d4dc9cc7764,LOEWS CORP,1800000000.0,424B,GENUINE_no_party_in_excerpt,000114036126004517,https://www.sec.gov/Archives/edgar/data/60086/000114036126004517/ny20064580x1_424b5.htm
adjudication:8cb53bd3c1051bd8,"EURONET WORLDWIDE, INC.",1800000000.0,other,GENUINE_no_party_in_excerpt,000155485525001886,https://www.sec.gov/Archives/edgar/data/1029199/000155485525001886/ex991_1.htm
adjudication:11bbf3eb8203de89,"Builders FirstSource, Inc.",1800000000.0,other,GENUINE_no_party_in_excerpt,000119312525257380,https://www.sec.gov/Archives/edgar/data/1316835/000119312525257380/bldr-ex99_1.htm
adjudication:227f6c657466411d,"Amneal Pharmaceuticals, Inc.",1800000000.0,other,GENUINE_no_party_in_excerpt,000095010325009025,https://www.sec.gov/Archives/edgar/data/1723128/000095010325009025/dp231799_ex9901.htm
adjudication:4d5ef04c9d9fff06,"AUTONATION, INC.",1800000000.0,other,GENUINE_no_party_in_excerpt,000035069825000097,https://www.sec.gov/Archives/edgar/data/350698/000035069825000097/anearningsrelease63025ex991.htm
adjudication:770fc115cca20d95,"Global Net Lease, Inc.",1800000000.0,other,GENUINE_no_party_in_excerpt,000110465926019680,https://www.sec.gov/Archives/edgar/data/1526113/000110465926019680/tm267050d1_ex99-1.htm
adjudication:d49f498f60748abc,"Global Net Lease, Inc.",1800000000.0,other,GENUINE_no_party_in_excerpt,000110465925074729,https://www.sec.gov/Archives/edgar/data/1526113/000110465925074729/tm2522631d1_ex99-1.htm
adjudication:70b10ec8b6b158e3,"PAR PACIFIC HOLDINGS, INC.",1800000000.0,other,RE_EXTRACT_named_party_in_quote,000119312526215799,https://www.sec.gov/Archives/edgar/data/821483/000119312526215799/d49629dex992.htm
adjudication:d80b9e06b7d3c88b,"EURONET WORLDWIDE, INC.",1800000000.0,other,GENUINE_no_party_in_excerpt,000155485525001886,https://www.sec.gov/Archives/edgar/data/1029199/000155485525001886/ex991_1.htm
adjudication:0a53a41ec71e1961,"Global Net Lease, Inc.",1800000000.0,other,GENUINE_no_party_in_excerpt,000110465925107039,https://www.sec.gov/Archives/edgar/data/1526113/000110465925107039/tm2530202d1_ex99-1.htm
adjudication:1c07ce6ca4d6b762,"AUTONATION, INC.",1800000000.0,other,GENUINE_no_party_in_excerpt,000035069825000097,https://www.sec.gov/Archives/edgar/data/350698/000035069825000097/anearningsrelease63025ex991.htm
adjudication:afe081525f2b3b16,Performance Food Group Co,1800000000.0,other,GENUINE_no_party_in_excerpt,000119312526207521,https://www.sec.gov/Archives/edgar/data/1618673/000119312526207521/pfgc-ex99_1.htm
adjudication:1cea616d57970e26,"Global Net Lease, Inc.",1800000000.0,other,GENUINE_no_party_in_excerpt,000110465926001919,https://www.sec.gov/Archives/edgar/data/1526113/000110465926001919/tm262394d1_ex99-1.htm
adjudication:1560309bdf69c1cd,"EURONET WORLDWIDE, INC.",1780500000.0,other,GENUINE_no_party_in_excerpt,000155485526000072,https://www.sec.gov/Archives/edgar/data/1029199/000155485526000072/ex991_1.htm
adjudication:e864c097a5093491,"EURONET WORLDWIDE, INC.",1780500000.0,other,GENUINE_no_party_in_excerpt,000155485526000072,https://www.sec.gov/Archives/edgar/data/1029199/000155485526000072/ex991_1.htm
adjudication:0f864ff5372635fa,"EURONET WORLDWIDE, INC.",1780500000.0,other,GENUINE_no_party_in_excerpt,000155485526000072,https://www.sec.gov/Archives/edgar/data/1029199/000155485526000072/ex991_1.htm
adjudication:0b8312769474e96e,MidCap Financial Investment Corp,1779000000.0,other,RE_EXTRACT_named_party_in_quote,000119312524252707,https://www.sec.gov/Archives/edgar/data/1278752/000119312524252707/d806618dex991.htm
adjudication:2ce51a04c4084ddc,AMAZON COM INC,1750000000.0,424B,RE_EXTRACT_named_party_in_quote,000110465926027125,https://www.sec.gov/Archives/edgar/data/1018724/000110465926027125/tm266670-4_424b5.htm
adjudication:ae852cd294457daf,WEYERHAEUSER CO,1750000000.0,other,GENUINE_no_party_in_excerpt,000119312525217477,https://www.sec.gov/Archives/edgar/data/106535/000119312525217477/wy-ex99_1.htm
adjudication:3d3312e2a0ec5a5e,"USA Compression Partners, LP",1750000000.0,other,GENUINE_no_party_in_excerpt,000152272726000042,https://www.sec.gov/Archives/edgar/data/1522727/000152272726000042/usacq12026ex991.htm
adjudication:b56a068b1365e2cd,Targa Resources Corp.,1750000000.0,8-K,GENUINE_no_party_in_excerpt,000119312525272333,https://www.sec.gov/Archives/edgar/data/1389170/000119312525272333/d27534d8k.htm
adjudication:1151042b6ada97e8,WEYERHAEUSER CO,1750000000.0,other,GENUINE_no_party_in_excerpt,000010653526000005,https://www.sec.gov/Archives/edgar/data/106535/000010653526000005/wy-ex99_1.htm
adjudication:7de9d5019abd76e2,"USA Compression Partners, LP",1750000000.0,other,GENUINE_no_party_in_excerpt,000152272726000042,https://www.sec.gov/Archives/edgar/data/1522727/000152272726000042/usacq12026ex991.htm
adjudication:1900b126664c1d90,WEYERHAEUSER CO,1750000000.0,other,GENUINE_no_party_in_excerpt,000010653526000005,https://www.sec.gov/Archives/edgar/data/106535/000010653526000005/wy-ex99_1.htm
adjudication:5bd9929a1d4be9b5,"USA Compression Partners, LP",1750000000.0,other,GENUINE_no_party_in_excerpt,000152272726000010,https://www.sec.gov/Archives/edgar/data/1522727/000152272726000010/usacq42025ex991.htm
adjudication:93344bae90fc6656,WEYERHAEUSER CO,1750000000.0,other,GENUINE_no_party_in_excerpt,000010653526000001,https://www.sec.gov/Archives/edgar/data/106535/000010653526000001/wy-ex99_1.htm
adjudication:664a5e6811e85f3b,WEYERHAEUSER CO,1750000000.0,other,GENUINE_no_party_in_excerpt,000095017025113030,https://www.sec.gov/Archives/edgar/data/106535/000095017025113030/wy-ex99_1.htm
adjudication:070ce312011488c4,"DICK'S SPORTING GOODS, INC.",1750000000.0,other,GENUINE_no_party_in_excerpt,000114036125034216,https://www.sec.gov/Archives/edgar/data/1089063/000114036125034216/ef20055171_ex99-1.htm
adjudication:2309c2ca33dbd65d,"NRG ENERGY, INC.",1750000000.0,other,GENUINE_no_party_in_excerpt,000110465926009194,https://www.sec.gov/Archives/edgar/data/1013871/000110465926009194/tm264311d2_ex99-2.htm
adjudication:063fac484ada4ff3,"NRG ENERGY, INC.",1750000000.0,other,GENUINE_no_party_in_excerpt,000110465926022295,https://www.sec.gov/Archives/edgar/data/1013871/000110465926022295/tm267426d2_ex99-1.htm
adjudication:320ef74e33488098,"USA Compression Partners, LP",1750000000.0,other,GENUINE_no_party_in_excerpt,000152272725000075,https://www.sec.gov/Archives/edgar/data/1522727/000152272725000075/usacq32025ex991.htm
adjudication:9fa91cfc94a03fa9,WEYERHAEUSER CO,1750000000.0,other,GENUINE_no_party_in_excerpt,000119312526076924,https://www.sec.gov/Archives/edgar/data/106535/000119312526076924/wy-ex99_1.htm
adjudication:df474f1480c1c92a,WEYERHAEUSER CO,1750000000.0,other,GENUINE_no_party_in_excerpt,000119312525217477,https://www.sec.gov/Archives/edgar/data/106535/000119312525217477/wy-ex99_1.htm
adjudication:fb962b790760dfda,"USA Compression Partners, LP",1750000000.0,other,GENUINE_no_party_in_excerpt,000152272725000075,https://www.sec.gov/Archives/edgar/data/1522727/000152272725000075/usacq32025ex991.htm
adjudication:b2038165e4e6cb7f,WEYERHAEUSER CO,1750000000.0,other,GENUINE_no_party_in_excerpt,000010653526000001,https://www.sec.gov/Archives/edgar/data/106535/000010653526000001/wy-ex99_1.htm
adjudication:23840c60737d09b0,WEYERHAEUSER CO,1750000000.0,other,GENUINE_no_party_in_excerpt,000095017025113030,https://www.sec.gov/Archives/edgar/data/106535/000095017025113030/wy-ex99_1.htm
adjudication:95d883006f286bfd,WEYERHAEUSER CO,1750000000.0,other,GENUINE_no_party_in_excerpt,000119312526076924,https://www.sec.gov/Archives/edgar/data/106535/000119312526076924/wy-ex99_1.htm
adjudication:0f5e700107fecfe9,"USA Compression Partners, LP",1750000000.0,other,GENUINE_no_party_in_excerpt,000152272726000010,https://www.sec.gov/Archives/edgar/data/1522727/000152272726000010/usacq42025ex991.htm
adjudication:a02a2cf31164bcd2,"NRG ENERGY, INC.",1750000000.0,other,GENUINE_no_party_in_excerpt,000110465926022295,https://www.sec.gov/Archives/edgar/data/1013871/000110465926022295/tm267426d2_ex99-1.htm
adjudication:53deaae88cf21154,AMERICAN EXPRESS CO,1750000000.0,424B,GENUINE_no_party_in_excerpt,000110465926050497,https://www.sec.gov/Archives/edgar/data/4962/000110465926050497/tm2612909-1_424b2.htm
adjudication:f188908be5a2d3c7,"NRG ENERGY, INC.",1750000000.0,other,GENUINE_no_party_in_excerpt,000110465926009194,https://www.sec.gov/Archives/edgar/data/1013871/000110465926009194/tm264311d2_ex99-2.htm
adjudication:4a2a46594e28f094,"DICK'S SPORTING GOODS, INC.",1750000000.0,other,GENUINE_no_party_in_excerpt,000114036125034216,https://www.sec.gov/Archives/edgar/data/1089063/000114036125034216/ef20055171_ex99-1.htm
adjudication:3f21f301910040e4,Brixmor Property Group Inc.,1750000000.0,other,GENUINE_no_party_in_excerpt,000158106825000031,https://www.sec.gov/Archives/edgar/data/1581068/000158106825000031/brx-20250728ex991.htm
adjudication:15f7e7d71189e22e,AMERICAN EXPRESS CO,1750000000.0,424B,GENUINE_no_party_in_excerpt,000110465926050497,https://www.sec.gov/Archives/edgar/data/4962/000110465926050497/tm2612909-1_424b2.htm
adjudication:73e20a84e0961d19,Brookfield Renewable Partners L.P.,1717000000.0,other,GENUINE_no_party_in_excerpt,000153323226000020,https://www.sec.gov/Archives/edgar/data/1533232/000153323226000020/bepq12026-ex993.htm
adjudication:5926d5e185573672,Brookfield Renewable Partners L.P.,1717000000.0,other,GENUINE_no_party_in_excerpt,000153323226000020,https://www.sec.gov/Archives/edgar/data/1533232/000153323226000020/bepq12026-ex991.htm
adjudication:81211ba42be5d39e,"WEC ENERGY GROUP, INC.",1700000000.0,424B,GENUINE_no_party_in_excerpt,000110465926018389,https://www.sec.gov/Archives/edgar/data/783325/000110465926018389/tm266913d1_424b5.htm
adjudication:6fd9ce3806b3182d,"AUTONATION, INC.",1700000000.0,other,GENUINE_no_party_in_excerpt,000162828025045973,https://www.sec.gov/Archives/edgar/data/350698/000162828025045973/anearningsrelease93025ex991.htm
adjudication:57b0a0bd4314da75,"AUTONATION, INC.",1700000000.0,other,GENUINE_no_party_in_excerpt,000162828025045973,https://www.sec.gov/Archives/edgar/data/350698/000162828025045973/anearningsrelease93025ex991.htm
adjudication:8e536eb31c8abb94,nVent Electric plc,1700000000.0,other,GENUINE_no_party_in_excerpt,000110465924086333,https://www.sec.gov/Archives/edgar/data/1720635/000110465924086333/tm2420815d1_ex2-1.htm
adjudication:1b27fdab020494c0,"EURONET WORLDWIDE, INC.",1690600000.0,other,GENUINE_no_party_in_excerpt,000155485526000072,https://www.sec.gov/Archives/edgar/data/1029199/000155485526000072/ex991_1.htm
adjudication:7b891fbb2069b4ac,"Burlington Stores, Inc.",1689000000.0,other,GENUINE_no_party_in_excerpt,000119312526242954,https://www.sec.gov/Archives/edgar/data/1579298/000119312526242954/burl-ex99_1.htm
adjudication:b14dad3dd9f10370,MidCap Financial Investment Corp,1660000000.0,other,RE_EXTRACT_named_party_in_quote,000119312526076894,https://www.sec.gov/Archives/edgar/data/1278752/000119312526076894/d24302dex991.htm
adjudication:9194c594bf383b13,"ESSEX PROPERTY TRUST, INC.",1650000000.0,other,GENUINE_no_party_in_excerpt,000114036125027843,https://www.sec.gov/Archives/edgar/data/920522/000114036125027843/ef20052550_ex99-1.htm
adjudication:0ab1d6cf9ebd9cc4,MidCap Financial Investment Corp,1610000000.0,other,RE_EXTRACT_named_party_in_quote,000119312525228375,https://www.sec.gov/Archives/edgar/data/1278752/000119312525228375/d66561dex991.htm
adjudication:645fd00ebd9da18c,MidCap Financial Investment Corp,1610000000.0,other,RE_EXTRACT_named_party_in_quote,000119312525228375,https://www.sec.gov/Archives/edgar/data/1278752/000119312525228375/d66561dex991.htm
adjudication:ca30e63123b7208c,EchoStar CORP,1600000000.0,8-K,GENUINE_no_party_in_excerpt,000141540426000006,https://www.sec.gov/Archives/edgar/data/1415404/000141540426000006/sats-20260316x8k.htm
adjudication:8ef2901d76c4cb09,"Builders FirstSource, Inc.",1600000000.0,other,GENUINE_no_party_in_excerpt,000095017025100548,https://www.sec.gov/Archives/edgar/data/1316835/000095017025100548/bldr-ex99_1.htm
adjudication:cdb24db7b7dc8beb,"USA Compression Partners, LP",1600000000.0,other,GENUINE_no_party_in_excerpt,000152272725000021,https://www.sec.gov/Archives/edgar/data/1522727/000152272725000021/usacq12025ex991.htm
adjudication:d03f13411bf5357a,WillScot Holdings Corp,1600000000.0,other,GENUINE_no_party_in_excerpt,000164708825000044,https://www.sec.gov/Archives/edgar/data/1647088/000164708825000044/ex991-pressreleasexq22025.htm
adjudication:24b202f7dcb11572,Bausch Health Companies Inc.,1600000000.0,other,GENUINE_no_party_in_excerpt,000088559026000020,https://www.sec.gov/Archives/edgar/data/885590/000088559026000020/ex991-q4x2025.htm
adjudication:e9062b8fa0efd638,"USA Compression Partners, LP",1600000000.0,other,GENUINE_no_party_in_excerpt,000152272725000021,https://www.sec.gov/Archives/edgar/data/1522727/000152272725000021/usacq12025ex991.htm
adjudication:7aaab4b1037ce7d9,"USA Compression Partners, LP",1600000000.0,other,GENUINE_no_party_in_excerpt,000152272725000041,https://www.sec.gov/Archives/edgar/data/1522727/000152272725000041/usacq22025ex991.htm
adjudication:4be6abfc8a004a51,WillScot Holdings Corp,1600000000.0,other,GENUINE_no_party_in_excerpt,000164708825000044,https://www.sec.gov/Archives/edgar/data/1647088/000164708825000044/ex991-pressreleasexq22025.htm
adjudication:9d813d57c1a4f644,"USA Compression Partners, LP",1600000000.0,other,GENUINE_no_party_in_excerpt,000152272725000007,https://www.sec.gov/Archives/edgar/data/1522727/000152272725000007/usacq42024ex991.htm
adjudication:1f09147bdb5593f6,WillScot Holdings Corp,1600000000.0,other,GENUINE_no_party_in_excerpt,000164708825000027,https://www.sec.gov/Archives/edgar/data/1647088/000164708825000027/ex991-pressreleasexq12025.htm
adjudication:4a97d9f1c44af596,"AUTONATION, INC.",1600000000.0,other,GENUINE_no_party_in_excerpt,000162828026029100,https://www.sec.gov/Archives/edgar/data/350698/000162828026029100/anearningsrelease33126ex991.htm
adjudication:dc84f779c08e9a97,MSCI Inc.,1600000000.0,other,GENUINE_no_party_in_excerpt,000140819825000194,https://www.sec.gov/Archives/edgar/data/1408198/000140819825000194/exhibit991earningsrelease-.htm
adjudication:fa56e6110fef181a,"WW INTERNATIONAL, INC.",1600000000.0,other,GENUINE_no_party_in_excerpt,000119312526107148,https://www.sec.gov/Archives/edgar/data/105319/000119312526107148/d122531dex992.htm
adjudication:a40f9def424f223f,"USA Compression Partners, LP",1600000000.0,other,GENUINE_no_party_in_excerpt,000152272725000007,https://www.sec.gov/Archives/edgar/data/1522727/000152272725000007/usacq42024ex991.htm
adjudication:982b71deda80df2a,"AUTONATION, INC.",1600000000.0,other,GENUINE_no_party_in_excerpt,000162828026029100,https://www.sec.gov/Archives/edgar/data/350698/000162828026029100/anearningsrelease33126ex991.htm
adjudication:e188dec4077e6667,"USA Compression Partners, LP",1600000000.0,other,GENUINE_no_party_in_excerpt,000152272725000041,https://www.sec.gov/Archives/edgar/data/1522727/000152272725000041/usacq22025ex991.htm
adjudication:43d03b6289a7a21c,WillScot Holdings Corp,1600000000.0,other,GENUINE_no_party_in_excerpt,000164708825000027,https://www.sec.gov/Archives/edgar/data/1647088/000164708825000027/ex991-pressreleasexq12025.htm
adjudication:84098cad44f8a987,DYCOM INDUSTRIES INC,1540000000.0,other,GENUINE_no_party_in_excerpt,000119312525330970,https://www.sec.gov/Archives/edgar/data/67215/000119312525330970/d41994dex991.htm
adjudication:5d21d9fe12d7f641,DYCOM INDUSTRIES INC,1540000000.0,other,GENUINE_no_party_in_excerpt,000119312525330970,https://www.sec.gov/Archives/edgar/data/67215/000119312525330970/d41994dex991.htm
adjudication:e6dc319e420da3b9,"Builders FirstSource, Inc.",1538000000.0,other,GENUINE_no_party_in_excerpt,000095017025100548,https://www.sec.gov/Archives/edgar/data/1316835/000095017025100548/bldr-ex99_1.htm
adjudication:9f60771da3c06aaf,Alkermes plc.,1525000000.0,other,GENUINE_no_party_in_excerpt,000119312526205008,https://www.sec.gov/Archives/edgar/data/1520262/000119312526205008/alks-ex99_1.htm
adjudication:20ef58d33a8a4b69,Alkermes plc.,1525000000.0,other,GENUINE_no_party_in_excerpt,000119312526047682,https://www.sec.gov/Archives/edgar/data/1520262/000119312526047682/d43532dex991.htm
adjudication:4c5d5d30c59e6eaa,Alkermes plc.,1525000000.0,other,GENUINE_no_party_in_excerpt,000119312526068512,https://www.sec.gov/Archives/edgar/data/1520262/000119312526068512/alks-ex99_1.htm
adjudication:fffba9c44f924292,MidCap Financial Investment Corp,1518000000.0,other,GENUINE_no_party_in_excerpt,000119312524196023,https://www.sec.gov/Archives/edgar/data/1278752/000119312524196023/d880591dex991.htm
adjudication:f28c5c017e148235,"HOST HOTELS & RESORTS, INC.",1500000000.0,other,GENUINE_no_party_in_excerpt,000107075025000164,https://www.sec.gov/Archives/edgar/data/1070750/000107075025000164/hst-ex991.htm
adjudication:b505924399d1b76f,"Global Net Lease, Inc.",1500000000.0,other,RE_EXTRACT_named_party_in_quote,000162828026030591,https://www.sec.gov/Archives/edgar/data/1526113/000162828026030591/ex991gnlearningsrelease331.htm
adjudication:29a4a9018d59f19e,Sunoco LP,1500000000.0,other,GENUINE_no_party_in_excerpt,000119312525112135,https://www.sec.gov/Archives/edgar/data/1552275/000119312525112135/d771241dex992.htm
adjudication:9d96f3cb2fa05735,DiamondRock Hospitality Co,1500000000.0,other,GENUINE_no_party_in_excerpt,000129894626000010,https://www.sec.gov/Archives/edgar/data/1298946/000129894626000010/exhibit9914q2025.htm
adjudication:312159e2be7b6eed,REGENCY CENTERS CORP,1500000000.0,other,GENUINE_no_party_in_excerpt,000119312526191872,https://www.sec.gov/Archives/edgar/data/910606/000119312526191872/reg-ex99_1.htm
adjudication:d841bd17e244dc21,EQUITY RESIDENTIAL,1500000000.0,other,GENUINE_no_party_in_excerpt,000095017025102035,https://www.sec.gov/Archives/edgar/data/906107/000095017025102035/eqr-ex99_1.htm
adjudication:3caf9175bcfc0ceb,"ESSEX PROPERTY TRUST, INC.",1500000000.0,other,GENUINE_no_party_in_excerpt,000114036126017477,https://www.sec.gov/Archives/edgar/data/920522/000114036126017477/ef20071359_ex99-1.htm
adjudication:92a540d7e3934bd1,Capri Holdings Ltd,1500000000.0,other,GENUINE_no_party_in_excerpt,000153072125000012,https://www.sec.gov/Archives/edgar/data/1530721/000153072125000012/cpri8-k12282024exhibit991.htm
adjudication:12f3c04e8135d0db,WESTLAKE CORP,1500000000.0,424B,GENUINE_no_party_in_excerpt,000119312525267197,https://www.sec.gov/Archives/edgar/data/1262823/000119312525267197/d39162d424b5.htm
adjudication:fcdbf545b70e9659,AbbVie Inc.,1500000000.0,8-K,GENUINE_no_party_in_excerpt,000110465926020643,https://www.sec.gov/Archives/edgar/data/1551152/000110465926020643/tm266774d4_8k.htm
adjudication:1fcbcce5a3a0c518,PILGRIMS PRIDE CORP,1500000000.0,other,GENUINE_no_party_in_excerpt,000080248125000021,https://www.sec.gov/Archives/edgar/data/802481/000080248125000021/ex991investordayslides.htm
adjudication:ab7883ebc839b843,NOV Inc.,1500000000.0,other,GENUINE_no_party_in_excerpt,000119312525252481,https://www.sec.gov/Archives/edgar/data/1021860/000119312525252481/nov-ex99_1.htm
adjudication:442fcee844b00472,Sunoco LP,1500000000.0,other,GENUINE_no_party_in_excerpt,000155227525000059,https://www.sec.gov/Archives/edgar/data/1552275/000155227525000059/ex991sunerq22025.htm
adjudication:c02429a6e658a47a,WillScot Holdings Corp,1500000000.0,other,GENUINE_no_party_in_excerpt,000164708826000029,https://www.sec.gov/Archives/edgar/data/1647088/000164708826000029/ex991-pressreleasexq12026.htm
adjudication:736befd7cf4c1a47,"Cencora, Inc.",1500000000.0,other,GENUINE_no_party_in_excerpt,000114085926000018,https://www.sec.gov/Archives/edgar/data/1140859/000114085926000018/exhibit991-q22026.htm
adjudication:2552f2a504bb6481,SPIRE INC,1500000000.0,EX-10_exhibit,FETCH_syndicate_roster,000119312526034779,https://www.sec.gov/Archives/edgar/data/1126956/000119312526034779/sr-ex10_1.htm
adjudication:65f197ca2f68038a,Sunoco LP,1500000000.0,other,GENUINE_no_party_in_excerpt,000155227525000010,https://www.sec.gov/Archives/edgar/data/1552275/000155227525000010/exhibit991sunerq42024.htm
adjudication:76ea8a068612bc88,DTE ENERGY CO,1500000000.0,EX-10_exhibit,GENUINE_no_party_in_excerpt,000119312525326913,https://www.sec.gov/Archives/edgar/data/936340/000119312525326913/d39093dex101.htm
adjudication:eef3c952d002a69b,Sunoco LP,1500000000.0,other,GENUINE_no_party_in_excerpt,000155227525000079,https://www.sec.gov/Archives/edgar/data/1552275/000155227525000079/ex991sunerq32025.htm
adjudication:096a9c9883976180,Sunoco LP,1500000000.0,other,GENUINE_no_party_in_excerpt,000155227525000079,https://www.sec.gov/Archives/edgar/data/1552275/000155227525000079/ex991sunerq32025.htm
adjudication:d9fae057bf9b62cd,Sunoco LP,1500000000.0,other,GENUINE_no_party_in_excerpt,000155227525000010,https://www.sec.gov/Archives/edgar/data/1552275/000155227525000010/exhibit991sunerq42024.htm
adjudication:16a564b5f71e2ae4,ANTERO RESOURCES Corp,1500000000.0,other,GENUINE_no_party_in_excerpt,000110465925119058,https://www.sec.gov/Archives/edgar/data/1433270/000110465925119058/tm2532931d1_ex99-1.htm
adjudication:4ba5394afa49e0ce,"Moderna, Inc.",1500000000.0,other,GENUINE_no_party_in_excerpt,000168285226000007,https://www.sec.gov/Archives/edgar/data/1682852/000168285226000007/exhibit991-01122026.htm
adjudication:1106eef6dedb8bc5,ANTERO RESOURCES Corp,1500000000.0,424B,GENUINE_no_party_in_excerpt,000110465926002775,https://www.sec.gov/Archives/edgar/data/1433270/000110465926002775/tm262810-3_424b5.htm
adjudication:0113bf4d10352997,WESTLAKE CORP,1500000000.0,424B,GENUINE_no_party_in_excerpt,000119312525263703,https://www.sec.gov/Archives/edgar/data/1262823/000119312525263703/d39162d424b5.htm
adjudication:bb351f8358afda59,EQUITY RESIDENTIAL,1500000000.0,other,GENUINE_no_party_in_excerpt,000119312526187339,https://www.sec.gov/Archives/edgar/data/906107/000119312526187339/eqr-ex99_1.htm
adjudication:782a1d50a4bfa8c5,"Builders FirstSource, Inc.",1500000000.0,other,GENUINE_no_party_in_excerpt,000119312526053039,https://www.sec.gov/Archives/edgar/data/1316835/000119312526053039/bldr-ex99_1.htm
adjudication:f393ac2d0991c7e6,"Global Net Lease, Inc.",1500000000.0,other,GENUINE_no_party_in_excerpt,000110465926057164,https://www.sec.gov/Archives/edgar/data/1526113/000110465926057164/tm2613446d3_ex99-1.htm
adjudication:f8843a39a8416981,"ESSEX PROPERTY TRUST, INC.",1500000000.0,other,GENUINE_no_party_in_excerpt,000114036125027843,https://www.sec.gov/Archives/edgar/data/920522/000114036125027843/ef20052550_ex99-1.htm
adjudication:8d2ac5d412d04808,"Vistance Networks, Inc.",1500000000.0,other,GENUINE_no_party_in_excerpt,000119312526073295,https://www.sec.gov/Archives/edgar/data/1517228/000119312526073295/visn-ex99_1.htm
adjudication:7d29270f7c67dab5,"Moderna, Inc.",1500000000.0,other,GENUINE_no_party_in_excerpt,000168285226000007,https://www.sec.gov/Archives/edgar/data/1682852/000168285226000007/exhibit991-01122026.htm
adjudication:c21d6e70888950a4,ANTERO RESOURCES Corp,1500000000.0,other,GENUINE_no_party_in_excerpt,000110465925119058,https://www.sec.gov/Archives/edgar/data/1433270/000110465925119058/tm2532931d1_ex99-1.htm
adjudication:cae377eea25d2a01,EQUITY RESIDENTIAL,1500000000.0,other,GENUINE_no_party_in_excerpt,000119312525253637,https://www.sec.gov/Archives/edgar/data/906107/000119312525253637/eqr-ex99_1.htm
adjudication:84ee4ece5f782a59,"Moderna, Inc.",1500000000.0,other,GENUINE_no_party_in_excerpt,000162828025053318,https://www.sec.gov/Archives/edgar/data/1682852/000162828025053318/exhibit9912025analystday.htm
adjudication:3cdddafa3205de91,WillScot Holdings Corp,1500000000.0,other,GENUINE_no_party_in_excerpt,000164708826000029,https://www.sec.gov/Archives/edgar/data/1647088/000164708826000029/ex991-pressreleasexq12026.htm
adjudication:8aa54aa994d23b94,"Builders FirstSource, Inc.",1500000000.0,other,GENUINE_no_party_in_excerpt,000119312526053039,https://www.sec.gov/Archives/edgar/data/1316835/000119312526053039/bldr-ex99_1.htm
adjudication:cb2bfb3876c7b198,"Moderna, Inc.",1500000000.0,other,GENUINE_no_party_in_excerpt,000162828025053318,https://www.sec.gov/Archives/edgar/data/1682852/000162828025053318/exhibit9912025analystday.htm
adjudication:51dbdceebd640bc5,American National Group Inc.,1500000000.0,other,FETCH_syndicate_roster,000110465924084442,https://www.sec.gov/Archives/edgar/data/1039828/000110465924084442/tm2419028d3_ex99-1.htm
adjudication:d74c88dca1702817,"WYNDHAM HOTELS & RESORTS, INC.",1500000000.0,other,GENUINE_no_party_in_excerpt,000172268426000057,https://www.sec.gov/Archives/edgar/data/1722684/000172268426000057/exhibit9912026331.htm
adjudication:087f200dff6d7728,Trane Technologies plc,1500000000.0,other,RE_EXTRACT_named_party_in_quote,000162828026026988,https://www.sec.gov/Archives/edgar/data/1466258/000162828026026988/tt-20260423.htm
adjudication:0dcc8d0121853faa,NOV Inc.,1500000000.0,other,GENUINE_no_party_in_excerpt,000095017025099408,https://www.sec.gov/Archives/edgar/data/1021860/000095017025099408/nov-ex99_1.htm
adjudication:2e2e7440008e07fd,"Global Net Lease, Inc.",1500000000.0,other,RE_EXTRACT_named_party_in_quote,000162828026030591,https://www.sec.gov/Archives/edgar/data/1526113/000162828026030591/ex991gnlearningsrelease331.htm
adjudication:2778ae6c3b2c14cd,"AUTONATION, INC.",1500000000.0,other,GENUINE_no_party_in_excerpt,000035069825000082,https://www.sec.gov/Archives/edgar/data/350698/000035069825000082/anearningsrelease33125ex991.htm
adjudication:be810783ebacb4db,DiamondRock Hospitality Co,1500000000.0,other,GENUINE_no_party_in_excerpt,000129894625000083,https://www.sec.gov/Archives/edgar/data/1298946/000129894625000083/exhibit9913q2025.htm
adjudication:f07659b661b8c9cd,NOV Inc.,1500000000.0,other,GENUINE_no_party_in_excerpt,000119312525252481,https://www.sec.gov/Archives/edgar/data/1021860/000119312525252481/nov-ex99_1.htm
adjudication:e7e4ce36ff233754,TE Connectivity plc,1500000000.0,424B,RE_EXTRACT_named_party_in_quote,000110465926007426,https://www.sec.gov/Archives/edgar/data/1385157/000110465926007426/tm263965-2_424b2.htm
adjudication:5110a107ae27886b,SIMON PROPERTY GROUP INC.,1500000000.0,other,GENUINE_no_party_in_excerpt,000110465926009209,https://www.sec.gov/Archives/edgar/data/1063761/000110465926009209/tm263695d2_ex99-1.htm
adjudication:e526d4bb95c0782d,Uniti Group Inc.,1500000000.0,other,GENUINE_no_party_in_excerpt,000095010325012108,https://www.sec.gov/Archives/edgar/data/2020795/000095010325012108/dp234806_ex9901.htm
adjudication:6946f18fcc69114d,TETRA TECH INC,1500000000.0,other,GENUINE_no_party_in_excerpt,000110465925045597,https://www.sec.gov/Archives/edgar/data/831641/000110465925045597/tm2514097d1_ex99-1.htm
adjudication:7e5e8885982b73f7,"HOST HOTELS & RESORTS, INC.",1500000000.0,other,GENUINE_no_party_in_excerpt,000107075026000038,https://www.sec.gov/Archives/edgar/data/1070750/000107075026000038/hst-ex991.htm
adjudication:7f4d0ad7ff4ccdcf,TE Connectivity plc,1500000000.0,424B,RE_EXTRACT_named_party_in_quote,000110465926006471,https://www.sec.gov/Archives/edgar/data/1385157/000110465926006471/tm263965-1_424b2.htm
adjudication:c127dd2d8b29010f,Aptiv PLC,1500000000.0,other,GENUINE_no_party_in_excerpt,000095010326003193,https://www.sec.gov/Archives/edgar/data/1521332/000095010326003193/dp242309_ex9901.htm
adjudication:1b9ace444ef79901,ARES CAPITAL CORP,1500000000.0,EX-10_exhibit,GENUINE_no_party_in_excerpt,000110465926050503,https://www.sec.gov/Archives/edgar/data/1287750/000110465926050503/tm2612790d1_ex10-4.htm
adjudication:d4983cc2691c18ce,Alcoa Corp,1500000000.0,other,GENUINE_no_party_in_excerpt,000119312525246788,https://www.sec.gov/Archives/edgar/data/1675149/000119312525246788/aa-ex99_1.htm
adjudication:68d183128c70f642,"HOST HOTELS & RESORTS, INC.",1500000000.0,other,GENUINE_no_party_in_excerpt,000107075025000136,https://www.sec.gov/Archives/edgar/data/1070750/000107075025000136/hst-ex991.htm
adjudication:8f6c50981d0c4ef2,Aptiv PLC,1500000000.0,other,GENUINE_no_party_in_excerpt,000095010326003254,https://www.sec.gov/Archives/edgar/data/1521332/000095010326003254/dp242413_ex9901.htm
adjudication:02aab0a72bd602db,"AUTONATION, INC.",1500000000.0,other,GENUINE_no_party_in_excerpt,000035069825000082,https://www.sec.gov/Archives/edgar/data/350698/000035069825000082/anearningsrelease33125ex991.htm
adjudication:e4dadfb46d70bb82,ANTERO RESOURCES Corp,1500000000.0,424B,GENUINE_no_party_in_excerpt,000110465926004087,https://www.sec.gov/Archives/edgar/data/1433270/000110465926004087/tm262810-4_424b5.htm
adjudication:56d2048483ece87d,ARES CAPITAL CORP,1500000000.0,EX-10_exhibit,GENUINE_no_party_in_excerpt,000110465926050503,https://www.sec.gov/Archives/edgar/data/1287750/000110465926050503/tm2612790d1_ex10-3.htm
adjudication:cd893b6859eebb55,NOV Inc.,1500000000.0,other,GENUINE_no_party_in_excerpt,000119312526038589,https://www.sec.gov/Archives/edgar/data/1021860/000119312526038589/nov-ex99_1.htm
adjudication:dc57b7492997f16f,Capri Holdings Ltd,1500000000.0,other,GENUINE_no_party_in_excerpt,000153072125000012,https://www.sec.gov/Archives/edgar/data/1530721/000153072125000012/cpri8-k12282024exhibit991.htm
adjudication:4024019213db2c07,ANTERO RESOURCES Corp,1500000000.0,8-K,GENUINE_no_party_in_excerpt,000110465925119058,https://www.sec.gov/Archives/edgar/data/1433270/000110465925119058/tm2532931d1_8k.htm
adjudication:dc69283d8b5aafd9,NOV Inc.,1500000000.0,other,GENUINE_no_party_in_excerpt,000095017025099408,https://www.sec.gov/Archives/edgar/data/1021860/000095017025099408/nov-ex99_1.htm
adjudication:53dfd84960624e85,"Moderna, Inc.",1500000000.0,other,GENUINE_no_party_in_excerpt,000168285226000003,https://www.sec.gov/Archives/edgar/data/1682852/000168285226000003/exhibit991-01052026lettert.htm
adjudication:5c70281961e87dc4,"HOST HOTELS & RESORTS, INC.",1500000000.0,other,GENUINE_no_party_in_excerpt,000107075025000164,https://www.sec.gov/Archives/edgar/data/1070750/000107075025000164/hst-ex991.htm
adjudication:b31dd3e6cb2483b2,PACKAGING CORP OF AMERICA,1500000000.0,8-K,GENUINE_no_party_in_excerpt,000119312525194049,https://www.sec.gov/Archives/edgar/data/75677/000119312525194049/d54236d8k.htm
adjudication:1819f4cf12bcaad7,Wayfair Inc.,1500000000.0,other,GENUINE_no_party_in_excerpt,000161670726000110,https://www.sec.gov/Archives/edgar/data/1616707/000161670726000110/a2026-04x30ex991.htm
adjudication:87950c74dcc73024,"HOST HOTELS & RESORTS, INC.",1500000000.0,other,GENUINE_no_party_in_excerpt,000107075026000077,https://www.sec.gov/Archives/edgar/data/1070750/000107075026000077/hst-ex991.htm
adjudication:4eca0e5f8a9f5568,ARES CAPITAL CORP,1500000000.0,EX-10_exhibit,GENUINE_no_party_in_excerpt,000110465926050503,https://www.sec.gov/Archives/edgar/data/1287750/000110465926050503/tm2612790d1_ex10-1.htm
adjudication:aa61de5ee6becf73,EQUITY RESIDENTIAL,1500000000.0,other,GENUINE_no_party_in_excerpt,000119312526039455,https://www.sec.gov/Archives/edgar/data/906107/000119312526039455/eqr-ex99_1.htm
adjudication:217f029c824af225,NOV Inc.,1500000000.0,other,GENUINE_no_party_in_excerpt,000119312526038589,https://www.sec.gov/Archives/edgar/data/1021860/000119312526038589/nov-ex99_1.htm
adjudication:1489284920141b42,American National Group Inc.,1500000000.0,other,FETCH_syndicate_roster,000110465924093476,https://www.sec.gov/Archives/edgar/data/1039828/000110465924093476/tm2422482d5_ex99-1.htm
adjudication:7d9f54ff221f1147,"Vistance Networks, Inc.",1500000000.0,other,GENUINE_no_party_in_excerpt,000119312526073295,https://www.sec.gov/Archives/edgar/data/1517228/000119312526073295/visn-ex99_1.htm
adjudication:7310359be0f78f5c,"ESSEX PROPERTY TRUST, INC.",1500000000.0,other,GENUINE_no_party_in_excerpt,000114036125027843,https://www.sec.gov/Archives/edgar/data/920522/000114036125027843/ef20052550_ex99-1.htm
adjudication:77f2057cdd9443a4,"Moderna, Inc.",1500000000.0,other,GENUINE_no_party_in_excerpt,000168285226000015,https://www.sec.gov/Archives/edgar/data/1682852/000168285226000015/exhibit9912025q4pressrelea.htm
adjudication:1cf89325fce96a34,REGENCY CENTERS CORP,1500000000.0,other,GENUINE_no_party_in_excerpt,000119312526191872,https://www.sec.gov/Archives/edgar/data/910606/000119312526191872/reg-ex99_2.htm
adjudication:caffef72617fbc3e,ARES CAPITAL CORP,1500000000.0,EX-10_exhibit,GENUINE_no_party_in_excerpt,000110465926050503,https://www.sec.gov/Archives/edgar/data/1287750/000110465926050503/tm2612790d1_ex10-2.htm
adjudication:f26a78c4b0c50b23,"Moderna, Inc.",1500000000.0,other,GENUINE_no_party_in_excerpt,000168285226000003,https://www.sec.gov/Archives/edgar/data/1682852/000168285226000003/exhibit991-01052026lettert.htm
adjudication:a7795aeacf95decc,"Global Net Lease, Inc.",1500000000.0,other,GENUINE_no_party_in_excerpt,000162828026011686,https://www.sec.gov/Archives/edgar/data/1526113/000162828026011686/ex991-gnlearningsrelease12.htm
adjudication:5f59ad3542654843,Sunoco LP,1500000000.0,other,GENUINE_no_party_in_excerpt,000155227525000059,https://www.sec.gov/Archives/edgar/data/1552275/000155227525000059/ex991sunerq22025.htm
adjudication:a8f1c6a8c4f74995,"HOST HOTELS & RESORTS, INC.",1500000000.0,other,GENUINE_no_party_in_excerpt,000107075026000077,https://www.sec.gov/Archives/edgar/data/1070750/000107075026000077/hst-ex991.htm
adjudication:6eec171d8ce400dd,ROYAL CARIBBEAN CRUISES LTD,1500000000.0,other,GENUINE_no_party_in_excerpt,000110465924103188,https://www.sec.gov/Archives/edgar/data/884887/000110465924103188/tm2424765d1_ex99-1.htm
adjudication:50e3e19bd158454d,SOUTHWEST AIRLINES CO,1500000000.0,424B,GENUINE_no_party_in_excerpt,000119312525250797,https://www.sec.gov/Archives/edgar/data/92380/000119312525250797/d65360d424b5.htm
adjudication:0bacb5be26d770c0,Aptiv PLC,1500000000.0,other,GENUINE_no_party_in_excerpt,000095010326003193,https://www.sec.gov/Archives/edgar/data/1521332/000095010326003193/dp242309_ex9901.htm
adjudication:9e9a94bdcd0ba1e8,DiamondRock Hospitality Co,1500000000.0,other,GENUINE_no_party_in_excerpt,000129894625000083,https://www.sec.gov/Archives/edgar/data/1298946/000129894625000083/exhibit9913q2025.htm
adjudication:f4d47b305edc41c2,DiamondRock Hospitality Co,1500000000.0,other,GENUINE_no_party_in_excerpt,000129894626000010,https://www.sec.gov/Archives/edgar/data/1298946/000129894626000010/exhibit9914q2025.htm
adjudication:acf67d290506b23b,"ESSEX PROPERTY TRUST, INC.",1500000000.0,other,GENUINE_no_party_in_excerpt,000114036126017477,https://www.sec.gov/Archives/edgar/data/920522/000114036126017477/ef20071359_ex99-1.htm
adjudication:0b5d31805905be81,ROYAL CARIBBEAN CRUISES LTD,1500000000.0,other,GENUINE_no_party_in_excerpt,000110465924100318,https://www.sec.gov/Archives/edgar/data/884887/000110465924100318/tm2424072d2_ex99-1.htm
adjudication:3d79cad45689e5d8,ANTERO RESOURCES Corp,1500000000.0,8-K,GENUINE_no_party_in_excerpt,000110465925119058,https://www.sec.gov/Archives/edgar/data/1433270/000110465925119058/tm2532931d1_8k.htm
adjudication:f4af810f621d2abb,Trane Technologies plc,1500000000.0,other,GENUINE_no_party_in_excerpt,000162828026026988,https://www.sec.gov/Archives/edgar/data/1466258/000162828026026988/tt-20260423.htm
adjudication:89790c849c586def,BIOGEN INC.,1500000000.0,8-K,GENUINE_no_party_in_excerpt,000119312523198542,https://www.sec.gov/Archives/edgar/data/875045/000119312523198542/d454539d8k.htm
adjudication:2757d961ba5a226c,SOUTHWEST AIRLINES CO,1500000000.0,424B,GENUINE_no_party_in_excerpt,000119312525253904,https://www.sec.gov/Archives/edgar/data/92380/000119312525253904/d65360d424b5.htm
adjudication:d1e0c8edc7a4e5af,Brookfield Renewable Partners L.P.,1494000000.0,other,GENUINE_no_party_in_excerpt,000153323225000014,https://www.sec.gov/Archives/edgar/data/1533232/000153323225000014/bepq22025-ex993.htm
adjudication:c6c4a5ad4980b2dd,Brookfield Renewable Partners L.P.,1494000000.0,other,GENUINE_no_party_in_excerpt,000153323225000023,https://www.sec.gov/Archives/edgar/data/1533232/000153323225000023/bepq32025-ex993.htm
adjudication:98e50a0be07e0d2f,Brookfield Renewable Partners L.P.,1494000000.0,other,GENUINE_no_party_in_excerpt,000153323225000010,https://www.sec.gov/Archives/edgar/data/1533232/000153323225000010/bepq12025-ex991.htm
adjudication:e78b1cc889e746e2,QuidelOrtho Corp,1450000000.0,other,GENUINE_no_party_in_excerpt,000119312525185355,https://www.sec.gov/Archives/edgar/data/1906324/000119312525185355/d912844dex991.htm
adjudication:01e98f6f7871694a,ESAB Corp,1450000000.0,8-K,GENUINE_no_party_in_excerpt,000121390026034739,https://www.sec.gov/Archives/edgar/data/1877322/000121390026034739/ea0283282-8k_esabcorp.htm
adjudication:7d51afc9fad3540d,"Easterly Government Properties, Inc.",1450000000.0,other,GENUINE_no_party_in_excerpt,000119312525250666,https://www.sec.gov/Archives/edgar/data/1622194/000119312525250666/dea-ex99_2.htm
adjudication:9eb2a3d34e2eb4f5,"Easterly Government Properties, Inc.",1450000000.0,other,GENUINE_no_party_in_excerpt,000162219426000014,https://www.sec.gov/Archives/edgar/data/1622194/000162219426000014/dea-ex99_2.htm
adjudication:465ed22a437835b6,"Easterly Government Properties, Inc.",1450000000.0,other,GENUINE_no_party_in_excerpt,000119312526062369,https://www.sec.gov/Archives/edgar/data/1622194/000119312526062369/dea-ex99_2.htm
adjudication:bc5cc5a786812c2a,MidCap Financial Investment Corp,1412000000.0,other,GENUINE_no_party_in_excerpt,000119312524133256,https://www.sec.gov/Archives/edgar/data/1278752/000119312524133256/d825187dex991.htm
adjudication:de92e725ce3c5241,REGENCY CENTERS CORP,1400000000.0,other,RE_EXTRACT_named_party_in_quote,000119312526039477,https://www.sec.gov/Archives/edgar/data/910606/000119312526039477/reg-ex99_2.htm
adjudication:a4880905d6452ef1,ROYAL GOLD INC,1400000000.0,other,GENUINE_no_party_in_excerpt,000008553525000112,https://www.sec.gov/Archives/edgar/data/85535/000008553525000112/ex992investorpresentatio.htm
adjudication:385b927d528e8725,Galaxy Digital Inc.,1400000000.0,other,GENUINE_no_party_in_excerpt,000185939225000088,https://www.sec.gov/Archives/edgar/data/1859392/000185939225000088/exhibit991-glxy2025analy.htm
adjudication:828a22369e5e3869,"Builders FirstSource, Inc.",1400000000.0,other,GENUINE_no_party_in_excerpt,000119312526193923,https://www.sec.gov/Archives/edgar/data/1316835/000119312526193923/bldr-ex99_1.htm
adjudication:8e30eec1b61da15d,"Global Net Lease, Inc.",1400000000.0,other,GENUINE_no_party_in_excerpt,000110465925107748,https://www.sec.gov/Archives/edgar/data/1526113/000110465925107748/tm2530202d2_ex99-1.htm
adjudication:ed01fd61d4afb30c,REGENCY CENTERS CORP,1400000000.0,other,GENUINE_no_party_in_excerpt,000119312526039477,https://www.sec.gov/Archives/edgar/data/910606/000119312526039477/reg-ex99_1.htm
adjudication:1abadb7233e81183,ROYAL GOLD INC,1400000000.0,other,GENUINE_no_party_in_excerpt,000008553525000112,https://www.sec.gov/Archives/edgar/data/85535/000008553525000112/ex992investorpresentatio.htm
adjudication:2f916d235ae90cee,"Builders FirstSource, Inc.",1400000000.0,other,GENUINE_no_party_in_excerpt,000119312526193923,https://www.sec.gov/Archives/edgar/data/1316835/000119312526193923/bldr-ex99_1.htm
adjudication:f8548a15960091d6,Uniti Group Inc.,1400000000.0,other,GENUINE_no_party_in_excerpt,000162828025048540,https://www.sec.gov/Archives/edgar/data/2020795/000162828025048540/unit-ex9913q25xnu.htm
adjudication:8f0c5d63fdc25ee3,Galaxy Digital Inc.,1400000000.0,424B,GENUINE_no_party_in_excerpt,000162828026032994,https://www.sec.gov/Archives/edgar/data/1859392/000162828026032994/a424b3-decemberresalesx1q1.htm
adjudication:0abcb486e16a01d0,AngloGold Ashanti PLC,1400000000.0,other,GENUINE_no_party_in_excerpt,000197383226000089,https://www.sec.gov/Archives/edgar/data/1973832/000197383226000089/agaq1mar2026earningsrelease.htm
adjudication:19a8a8c1f0ff81a7,REGENCY CENTERS CORP,1400000000.0,other,RE_EXTRACT_named_party_in_quote,000119312526039477,https://www.sec.gov/Archives/edgar/data/910606/000119312526039477/reg-ex99_2.htm
adjudication:60126c08aacc9cf4,WillScot Holdings Corp,1400000000.0,other,GENUINE_no_party_in_excerpt,000164708826000009,https://www.sec.gov/Archives/edgar/data/1647088/000164708826000009/ex991-pressreleasexq42025.htm
adjudication:d6a8e97dc088b5a1,"Global Net Lease, Inc.",1400000000.0,other,RE_EXTRACT_named_party_in_quote,000110465925107748,https://www.sec.gov/Archives/edgar/data/1526113/000110465925107748/tm2530202d2_ex99-1.htm
adjudication:3b14073ba4835b79,"Global Net Lease, Inc.",1400000000.0,other,GENUINE_no_party_in_excerpt,000110465926057164,https://www.sec.gov/Archives/edgar/data/1526113/000110465926057164/tm2613446d3_ex99-1.htm
adjudication:6828a3d952c0267d,REGENCY CENTERS CORP,1400000000.0,other,GENUINE_no_party_in_excerpt,000119312526039477,https://www.sec.gov/Archives/edgar/data/910606/000119312526039477/reg-ex99_1.htm
adjudication:4647efacb549b4ee,Galaxy Digital Inc.,1400000000.0,424B,GENUINE_no_party_in_excerpt,000162828026032992,https://www.sec.gov/Archives/edgar/data/1859392/000162828026032992/a424b3-juneresalesx1q12026.htm
adjudication:1e0160d1e8d96f19,AngloGold Ashanti PLC,1400000000.0,other,GENUINE_no_party_in_excerpt,000197383225000020,https://www.sec.gov/Archives/edgar/data/1973832/000197383225000020/agaq3sep2025earningsrelease.htm
adjudication:e33252624acbf3b9,ROYAL GOLD INC,1400000000.0,other,GENUINE_no_party_in_excerpt,000008553525000112,https://www.sec.gov/Archives/edgar/data/85535/000008553525000112/ex991pressreleasedatedaugu.htm
adjudication:62d88521e5b8add6,ROYAL GOLD INC,1400000000.0,other,GENUINE_no_party_in_excerpt,000008553525000112,https://www.sec.gov/Archives/edgar/data/85535/000008553525000112/ex991pressreleasedatedaugu.htm
adjudication:e54e75cb266350e4,Galaxy Digital Inc.,1400000000.0,424B,GENUINE_no_party_in_excerpt,000185939225000083,https://www.sec.gov/Archives/edgar/data/1859392/000185939225000083/a424b3-q3202510xq.htm
adjudication:6c90bc152e7fe503,AngloGold Ashanti PLC,1400000000.0,other,GENUINE_no_party_in_excerpt,000197383226000009,https://www.sec.gov/Archives/edgar/data/1973832/000197383226000009/agaq4dec2025earningsrelease.htm
adjudication:2713651e67715441,AGREE REALTY CORP,1371612212.0,other,GENUINE_no_party_in_excerpt,000091725126000046,https://www.sec.gov/Archives/edgar/data/917251/000091725126000046/adc20260331-ex991.htm
adjudication:5b59f1cccd5340d9,AVALONBAY COMMUNITIES INC,1350000000.0,other,GENUINE_no_party_in_excerpt,000091591226000002,https://www.sec.gov/Archives/edgar/data/915912/000091591226000002/q42025ex-991.htm
adjudication:2c90ee8bc1a0a8d0,AVALONBAY COMMUNITIES INC,1350000000.0,other,GENUINE_no_party_in_excerpt,000091591226000002,https://www.sec.gov/Archives/edgar/data/915912/000091591226000002/q42025ex-992.htm
adjudication:ca2002a293aa4b95,AMERICAN EXPRESS CO,1350000000.0,424B,GENUINE_no_party_in_excerpt,000110465926010376,https://www.sec.gov/Archives/edgar/data/4962/000110465926010376/tm263959-4_424b2.htm
adjudication:7b287efbf37f90f8,"EURONET WORLDWIDE, INC.",1335000000.0,other,GENUINE_no_party_in_excerpt,000121390025013143,https://www.sec.gov/Archives/edgar/data/1029199/000121390025013143/ex991_1.htm
adjudication:3860126b79b5e784,"EURONET WORLDWIDE, INC.",1335000000.0,other,GENUINE_no_party_in_excerpt,000121390025013143,https://www.sec.gov/Archives/edgar/data/1029199/000121390025013143/ex991_1.htm
adjudication:5a4610a86807e131,"EURONET WORLDWIDE, INC.",1335000000.0,other,GENUINE_no_party_in_excerpt,000121390025013143,https://www.sec.gov/Archives/edgar/data/1029199/000121390025013143/ex991_1.htm
adjudication:da9bcc6f170461a9,Sabre Corp,1325000000.0,8-K,RE_EXTRACT_named_party_in_quote,000119312525127644,https://www.sec.gov/Archives/edgar/data/1597033/000119312525127644/d944913d8k.htm
adjudication:97a10a2df2204abc,COLUMBUS MCKINNON CORP,1325000000.0,other,GENUINE_no_party_in_excerpt,000119312526015918,https://www.sec.gov/Archives/edgar/data/1005229/000119312526015918/d13607dex991.htm
adjudication:0e4fa88934b617c6,Sabre Corp,1325000000.0,other,RE_EXTRACT_named_party_in_quote,000119312525127644,https://www.sec.gov/Archives/edgar/data/1597033/000119312525127644/d944913dex991.htm
adjudication:93b3eeed137ea5f8,"ZILLOW GROUP, INC.",1300000000.0,other,GENUINE_no_party_in_excerpt,000161764026000038,https://www.sec.gov/Archives/edgar/data/1617640/000161764026000038/exhibit992.htm
adjudication:eb77f47a152d1180,OLIN Corp,1300000000.0,other,GENUINE_no_party_in_excerpt,000007430326000060,https://www.sec.gov/Archives/edgar/data/74303/000007430326000060/exhibit991q12026earningspr.htm
adjudication:924d81e03f504f48,Ryerson Holding Corp,1300000000.0,other,GENUINE_no_party_in_excerpt,000119312526059448,https://www.sec.gov/Archives/edgar/data/1481582/000119312526059448/ryi-ex99_1.htm
adjudication:4fb1b2b7fd538504,MKS INC,1300000000.0,other,GENUINE_no_party_in_excerpt,000119312526054841,https://www.sec.gov/Archives/edgar/data/1049502/000119312526054841/mksi-ex99_1.htm
adjudication:6ba873f0d603b169,"Live Nation Entertainment, Inc.",1300000000.0,other,GENUINE_no_party_in_excerpt,000133525825000137,https://www.sec.gov/Archives/edgar/data/1335258/000133525825000137/lyv-20251008.htm
adjudication:db24f3cca7b05c70,"Delek US Holdings, Inc.",1300000000.0,other,GENUINE_no_party_in_excerpt,000162828026028089,https://www.sec.gov/Archives/edgar/data/1694426/000162828026028089/dk-ex991earningsreleasex03.htm
adjudication:5bf081bdc5adc03c,ALLIANT ENERGY CORP,1300000000.0,8-K,GENUINE_no_party_in_excerpt,000119312525116990,https://www.sec.gov/Archives/edgar/data/352541/000119312525116990/d947570d8k.htm
adjudication:56041f6184e0eb8c,OLIN Corp,1300000000.0,other,GENUINE_no_party_in_excerpt,000007430326000060,https://www.sec.gov/Archives/edgar/data/74303/000007430326000060/exhibit991q12026earningspr.htm
adjudication:8bfa4d9ba39f235e,"Live Nation Entertainment, Inc.",1300000000.0,other,GENUINE_no_party_in_excerpt,000133525825000137,https://www.sec.gov/Archives/edgar/data/1335258/000133525825000137/ex991prlaunchconvertiblese.htm
adjudication:92849fef0eaf3094,"Global Net Lease, Inc.",1300000000.0,other,GENUINE_no_party_in_excerpt,000110465926057164,https://www.sec.gov/Archives/edgar/data/1526113/000110465926057164/tm2613446d3_ex99-1.htm
adjudication:be437e08a0730666,"Delek Logistics Partners, LP",1300000000.0,other,GENUINE_no_party_in_excerpt,000162828026028090,https://www.sec.gov/Archives/edgar/data/1552797/000162828026028090/dkl-ex991xearningsreleasex.htm
adjudication:2f6035e6eff93158,"ZILLOW GROUP, INC.",1300000000.0,other,GENUINE_no_party_in_excerpt,000161764026000038,https://www.sec.gov/Archives/edgar/data/1617640/000161764026000038/exhibit992.htm
adjudication:2ab2d44a75f49233,Ryerson Holding Corp,1300000000.0,other,GENUINE_no_party_in_excerpt,000119312526059448,https://www.sec.gov/Archives/edgar/data/1481582/000119312526059448/ryi-ex99_1.htm
adjudication:9aee06b2e65bc8b6,"Live Nation Entertainment, Inc.",1300000000.0,other,GENUINE_no_party_in_excerpt,000133525825000137,https://www.sec.gov/Archives/edgar/data/1335258/000133525825000137/ex992prpricingconvertibles.htm
adjudication:cb4162e80e18a7b5,MKS INC,1300000000.0,other,GENUINE_no_party_in_excerpt,000119312526209140,https://www.sec.gov/Archives/edgar/data/1049502/000119312526209140/mksi-ex99_1.htm
adjudication:63188794cc4b079e,"Delek Logistics Partners, LP",1300000000.0,other,GENUINE_no_party_in_excerpt,000162828026028090,https://www.sec.gov/Archives/edgar/data/1552797/000162828026028090/dkl-ex991xearningsreleasex.htm
adjudication:c47d08b381e54256,"Global Net Lease, Inc.",1300000000.0,other,GENUINE_no_party_in_excerpt,000110465926057164,https://www.sec.gov/Archives/edgar/data/1526113/000110465926057164/tm2613446d3_ex99-1.htm
adjudication:4a82ecdbf6c4070b,MKS INC,1300000000.0,other,GENUINE_no_party_in_excerpt,000119312526054841,https://www.sec.gov/Archives/edgar/data/1049502/000119312526054841/mksi-ex99_1.htm
adjudication:656bfc5b34d397ab,MKS INC,1300000000.0,other,GENUINE_no_party_in_excerpt,000119312526209140,https://www.sec.gov/Archives/edgar/data/1049502/000119312526209140/mksi-ex99_1.htm
adjudication:e62b9b6a306b54af,"Live Nation Entertainment, Inc.",1300000000.0,other,GENUINE_no_party_in_excerpt,000133525825000137,https://www.sec.gov/Archives/edgar/data/1335258/000133525825000137/lyv-20251008.htm
adjudication:ee5c9bae930b68c0,"UDR, Inc.",1300000000.0,424B,RE_EXTRACT_named_party_in_quote,000007420826000023,https://www.sec.gov/Archives/edgar/data/74208/000007420826000023/udr-20260220x424b5.htm
adjudication:9b273d2a067fbb51,AGREE REALTY CORP,1250000000.0,other,RE_EXTRACT_named_party_in_quote,000110465925072681,https://www.sec.gov/Archives/edgar/data/917251/000110465925072681/tm2522179d1_ex99-1.htm
adjudication:ebc40b8e2db952c0,"Fortune Brands Innovations, Inc.",1250000000.0,other,RE_EXTRACT_named_party_in_quote,000119312526016048,https://www.sec.gov/Archives/edgar/data/1519751/000119312526016048/fbin-ex99_1.htm
adjudication:6e97350bceb1529b,AGREE REALTY CORP,1250000000.0,other,RE_EXTRACT_named_party_in_quote,000091725126000012,https://www.sec.gov/Archives/edgar/data/917251/000091725126000012/adc20251231-exhibit991.htm
adjudication:8921e75357d438c5,Brixmor Property Group Inc.,1250000000.0,other,GENUINE_no_party_in_excerpt,000158106825000031,https://www.sec.gov/Archives/edgar/data/1581068/000158106825000031/brx-20250728ex991.htm
adjudication:994322f35c862bde,AGREE REALTY CORP,1250000000.0,other,GENUINE_no_party_in_excerpt,000091725126000046,https://www.sec.gov/Archives/edgar/data/917251/000091725126000046/adc20260331-ex991.htm
adjudication:da1c298ccb51dd62,"Delek US Holdings, Inc.",1250000000.0,other,GENUINE_no_party_in_excerpt,000162828026028089,https://www.sec.gov/Archives/edgar/data/1694426/000162828026028089/dk-ex991earningsreleasex03.htm
adjudication:8bc7a7bc93e97368,Brixmor Property Group Inc.,1250000000.0,other,GENUINE_no_party_in_excerpt,000158106825000031,https://www.sec.gov/Archives/edgar/data/1581068/000158106825000031/brx-20250728ex991.htm
adjudication:ea374e52c1b04c2c,"Fortune Brands Innovations, Inc.",1250000000.0,other,GENUINE_no_party_in_excerpt,000119312526048775,https://www.sec.gov/Archives/edgar/data/1519751/000119312526048775/fbin-ex99_1.htm
adjudication:3712a2f0bf0f2e3b,Energy Transfer LP,1250000000.0,8-K,GENUINE_no_party_in_excerpt,000119312525029729,https://www.sec.gov/Archives/edgar/data/1276187/000119312525029729/d916460d8k.htm
adjudication:f07b0be30fd95b66,W. P. Carey Inc.,1250000000.0,other,GENUINE_no_party_in_excerpt,000162828025021619,https://www.sec.gov/Archives/edgar/data/1025378/000162828025021619/wpc-20250501.htm
adjudication:e07b2acc48d8499c,"Delek US Holdings, Inc.",1250000000.0,other,GENUINE_no_party_in_excerpt,000162828026028089,https://www.sec.gov/Archives/edgar/data/1694426/000162828026028089/dk-ex991earningsreleasex03.htm
adjudication:ec347257836304cc,"Fortune Brands Innovations, Inc.",1250000000.0,other,GENUINE_no_party_in_excerpt,000119312526048775,https://www.sec.gov/Archives/edgar/data/1519751/000119312526048775/fbin-ex99_1.htm
adjudication:151721da816564ab,"EURONET WORLDWIDE, INC.",1250000000.0,other,GENUINE_no_party_in_excerpt,000121390025013143,https://www.sec.gov/Archives/edgar/data/1029199/000121390025013143/ex991_1.htm
adjudication:936364e1c28c3946,MSCI Inc.,1250000000.0,other,GENUINE_no_party_in_excerpt,000140819825000194,https://www.sec.gov/Archives/edgar/data/1408198/000140819825000194/exhibit991earningsrelease-.htm
adjudication:8969021d8314f4d5,Brixmor Property Group Inc.,1250000000.0,other,GENUINE_no_party_in_excerpt,000158106825000020,https://www.sec.gov/Archives/edgar/data/1581068/000158106825000020/brx-20250428ex991.htm
adjudication:075268892bd4a146,Brixmor Property Group Inc.,1250000000.0,other,GENUINE_no_party_in_excerpt,000158106825000020,https://www.sec.gov/Archives/edgar/data/1581068/000158106825000020/brx-20250428ex991.htm
adjudication:cea00e1ceb28c35d,"EURONET WORLDWIDE, INC.",1250000000.0,other,GENUINE_no_party_in_excerpt,000121390024110405,https://www.sec.gov/Archives/edgar/data/1029199/000121390024110405/ea022515701ex99-1_euronet.htm
adjudication:1de1ea6f51bc35a8,AGREE REALTY CORP,1250000000.0,other,RE_EXTRACT_named_party_in_quote,000110465925037417,https://www.sec.gov/Archives/edgar/data/917251/000110465925037417/tm2512810d1_ex99-1.htm
adjudication:b2762fafe3d27b97,"Fortune Brands Innovations, Inc.",1250000000.0,other,RE_EXTRACT_named_party_in_quote,000119312526016048,https://www.sec.gov/Archives/edgar/data/1519751/000119312526016048/fbin-ex99_1.htm
adjudication:6dab924bf6c765ff,"EURONET WORLDWIDE, INC.",1250000000.0,other,GENUINE_no_party_in_excerpt,000121390024110405,https://www.sec.gov/Archives/edgar/data/1029199/000121390024110405/ea022515701ex99-1_euronet.htm
adjudication:f98bdbc46a0c85d7,ROYAL CARIBBEAN CRUISES LTD,1250000000.0,424B,GENUINE_no_party_in_excerpt,000110465926015377,https://www.sec.gov/Archives/edgar/data/884887/000110465926015377/tm265975-4_424b5.htm
adjudication:5fdf26d4b498e449,"Apollo Global Management, Inc.",1250000000.0,424B,GENUINE_no_party_in_excerpt,000119312526122935,https://www.sec.gov/Archives/edgar/data/1858681/000119312526122935/d123366d424b5.htm
adjudication:d39ea6961ca2b49f,AGREE REALTY CORP,1250000000.0,other,GENUINE_no_party_in_excerpt,000110465925037417,https://www.sec.gov/Archives/edgar/data/917251/000110465925037417/tm2512810d1_ex99-1.htm
adjudication:ba4a97622370c59e,AGREE REALTY CORP,1250000000.0,other,GENUINE_no_party_in_excerpt,000110465925072681,https://www.sec.gov/Archives/edgar/data/917251/000110465925072681/tm2522179d1_ex99-1.htm
adjudication:63ef80329f6b2ff8,"Fortune Brands Innovations, Inc.",1250000000.0,other,RE_EXTRACT_named_party_in_quote,000119312526016048,https://www.sec.gov/Archives/edgar/data/1519751/000119312526016048/fbin-ex99_1.htm
adjudication:34020c58b3882a72,W. P. Carey Inc.,1250000000.0,other,GENUINE_no_party_in_excerpt,000162828025021619,https://www.sec.gov/Archives/edgar/data/1025378/000162828025021619/wpc-20250501.htm
adjudication:3cac1e4c56315b8b,"Fortune Brands Innovations, Inc.",1250000000.0,other,GENUINE_no_party_in_excerpt,000119312526048775,https://www.sec.gov/Archives/edgar/data/1519751/000119312526048775/fbin-ex99_1.htm
adjudication:226a53a79a8d2eea,"EURONET WORLDWIDE, INC.",1250000000.0,other,GENUINE_no_party_in_excerpt,000121390024110405,https://www.sec.gov/Archives/edgar/data/1029199/000121390024110405/ea022515701ex99-1_euronet.htm
adjudication:754f10183287cd55,Bausch Health Companies Inc.,1235000000.0,other,GENUINE_no_party_in_excerpt,000088559025000030,https://www.sec.gov/Archives/edgar/data/885590/000088559025000030/ex991-q2x2025.htm
adjudication:91f3755301762274,COLUMBUS MCKINNON CORP,1225000000.0,8-K,GENUINE_no_party_in_excerpt,000119312526015918,https://www.sec.gov/Archives/edgar/data/1005229/000119312526015918/d13607d8k.htm
adjudication:f78ea94a83fe1d8e,ROYAL GOLD INC,1225000000.0,other,GENUINE_no_party_in_excerpt,000008553525000149,https://www.sec.gov/Archives/edgar/data/85535/000008553525000149/ex991rgldclosessandstorman.htm
adjudication:6681f158587c746d,ROYAL GOLD INC,1225000000.0,other,GENUINE_no_party_in_excerpt,000008553525000149,https://www.sec.gov/Archives/edgar/data/85535/000008553525000149/ex991rgldclosessandstorman.htm
adjudication:0b39a228c434aa3a,QNB CORP.,1200000000.0,other,GENUINE_no_party_in_excerpt,000119312526016079,https://www.sec.gov/Archives/edgar/data/750558/000119312526016079/prospectus_special_mtg.htm
adjudication:f84e9c222fb70755,Energy Transfer LP,1200000000.0,8-K,GENUINE_no_party_in_excerpt,000119312525178992,https://www.sec.gov/Archives/edgar/data/1276187/000119312525178992/d939035d8k.htm
adjudication:3fc9dc2611142bd7,"FedEx Freight Holding Company, Inc.",1200000000.0,other,GENUINE_no_party_in_excerpt,000110465926060223,https://www.sec.gov/Archives/edgar/data/2082247/000110465926060223/tm2520565d14_ex99-1.htm
adjudication:f13b2dd0d408bbc1,CAMDEN PROPERTY TRUST,1200000000.0,424B,GENUINE_no_party_in_excerpt,000119312526053191,https://www.sec.gov/Archives/edgar/data/906345/000119312526053191/d90582d424b3.htm
adjudication:a5eaa5139896e399,Talen Energy Corp,1200000000.0,other,GENUINE_no_party_in_excerpt,000162253625000013,https://www.sec.gov/Archives/edgar/data/1622536/000162253625000013/tln-20251006.htm
adjudication:3a4f315ac6f972b0,"Delek Logistics Partners, LP",1200000000.0,other,GENUINE_no_party_in_excerpt,000162828025050410,https://www.sec.gov/Archives/edgar/data/1552797/000162828025050410/dkl-ex991xearningsreleasex.htm
adjudication:48493e58343bb92b,"Global Net Lease, Inc.",1200000000.0,other,RE_EXTRACT_named_party_in_quote,000110465925107748,https://www.sec.gov/Archives/edgar/data/1526113/000110465925107748/tm2530202d2_ex99-1.htm
adjudication:8beb885770222828,CAMDEN PROPERTY TRUST,1200000000.0,other,GENUINE_no_party_in_excerpt,000162828026028942,https://www.sec.gov/Archives/edgar/data/906345/000162828026028942/exhibit992supplement1q26.htm
adjudication:ed765126a528087a,AECOM,1200000000.0,8-K,GENUINE_no_party_in_excerpt,000110465925069601,https://www.sec.gov/Archives/edgar/data/868857/000110465925069601/tm2520562d2_8k.htm
adjudication:6c68c10d8269ea8f,FEDEX CORP,1200000000.0,other,GENUINE_no_party_in_excerpt,000110465926060233,https://www.sec.gov/Archives/edgar/data/1048911/000110465926060233/tm2520565d15_ex99-1.htm
adjudication:bf3f69daa6943e88,"ESSEX PROPERTY TRUST, INC.",1200000000.0,other,GENUINE_no_party_in_excerpt,000114036125016351,https://www.sec.gov/Archives/edgar/data/920522/000114036125016351/ef20047876_ex99-1.htm
adjudication:c29e771210c1958f,CENTERPOINT ENERGY INC,1200000000.0,8-K,RE_EXTRACT_named_party_in_quote,000119312525245197,https://www.sec.gov/Archives/edgar/data/1130310/000119312525245197/d921256d8k.htm
adjudication:5f3f601933453f5a,Talen Energy Corp,1200000000.0,other,GENUINE_no_party_in_excerpt,000162253625000037,https://www.sec.gov/Archives/edgar/data/1622536/000162253625000037/ex99120251125pressreleasec.htm
adjudication:d98c3e82d48386b6,ITT INC.,1200000000.0,other,GENUINE_no_party_in_excerpt,000119312525310541,https://www.sec.gov/Archives/edgar/data/216228/000119312525310541/d65651dex993.htm
adjudication:783510f779cd7ff8,Weatherford International plc,1200000000.0,other,GENUINE_no_party_in_excerpt,000160392325000156,https://www.sec.gov/Archives/edgar/data/1603923/000160392325000156/a2025-q3ex991earningsrelea.htm
adjudication:6299b84813d15252,"EURONET WORLDWIDE, INC.",1200000000.0,other,GENUINE_no_party_in_excerpt,000155485526000809,https://www.sec.gov/Archives/edgar/data/1029199/000155485526000809/ex991_1.htm
adjudication:3bece1e83440fb7a,"Delek Logistics Partners, LP",1200000000.0,other,GENUINE_no_party_in_excerpt,000155279725000093,https://www.sec.gov/Archives/edgar/data/1552797/000155279725000093/dkl-ex991xearningsreleasex.htm
adjudication:491f0260387513c8,Talen Energy Corp,1200000000.0,other,GENUINE_no_party_in_excerpt,000162253625000013,https://www.sec.gov/Archives/edgar/data/1622536/000162253625000013/ex99120251006pressreleaset.htm
adjudication:4a4b2e361044c4ed,Talen Energy Corp,1200000000.0,other,GENUINE_no_party_in_excerpt,000162253625000013,https://www.sec.gov/Archives/edgar/data/1622536/000162253625000013/ex99120251006pressreleaset.htm
adjudication:7a605a858bdb8602,Talen Energy Corp,1200000000.0,other,GENUINE_no_party_in_excerpt,000162253625000018,https://www.sec.gov/Archives/edgar/data/1622536/000162253625000018/tln-20251009.htm
adjudication:9ddd9944f1df9a60,Talen Energy Corp,1200000000.0,other,GENUINE_no_party_in_excerpt,000162253625000018,https://www.sec.gov/Archives/edgar/data/1622536/000162253625000018/ex99120251009pressreleases.htm
adjudication:859c108377133e97,"Delek Logistics Partners, LP",1200000000.0,other,GENUINE_no_party_in_excerpt,000162828026012560,https://www.sec.gov/Archives/edgar/data/1552797/000162828026012560/dkl-ex991xearningsreleasex.htm
adjudication:d9546fda52070c28,Talen Energy Corp,1200000000.0,other,GENUINE_no_party_in_excerpt,000162253625000037,https://www.sec.gov/Archives/edgar/data/1622536/000162253625000037/ex99120251125pressreleasec.htm
adjudication:ce1c047f87c372e9,CAMDEN PROPERTY TRUST,1200000000.0,other,GENUINE_no_party_in_excerpt,000162828026028942,https://www.sec.gov/Archives/edgar/data/906345/000162828026028942/exhibit991earningsrelease1.htm
adjudication:85f8904bb7e705d2,"Getty Images Holdings, Inc.",1200000000.0,other,GENUINE_no_party_in_excerpt,000162828026018164,https://www.sec.gov/Archives/edgar/data/1898496/000162828026018164/gety-2025x12x31ex991.htm
adjudication:aa25176484ecca1a,"Delek Logistics Partners, LP",1200000000.0,other,GENUINE_no_party_in_excerpt,000162828025050410,https://www.sec.gov/Archives/edgar/data/1552797/000162828025050410/dkl-ex991xearningsreleasex.htm
adjudication:265b4dec190574dc,Talen Energy Corp,1200000000.0,other,GENUINE_no_party_in_excerpt,000162253625000021,https://www.sec.gov/Archives/edgar/data/1622536/000162253625000021/ex99120251010pressreleases.htm
adjudication:10ec647fcf728adf,Talen Energy Corp,1200000000.0,other,GENUINE_no_party_in_excerpt,000162253625000013,https://www.sec.gov/Archives/edgar/data/1622536/000162253625000013/ex996proformafinancialsfre.htm
adjudication:150d5ac431b4a7c9,"EURONET WORLDWIDE, INC.",1200000000.0,other,GENUINE_no_party_in_excerpt,000155485526000809,https://www.sec.gov/Archives/edgar/data/1029199/000155485526000809/ex991_1.htm
adjudication:cae3c00141058ae9,"Delek Logistics Partners, LP",1200000000.0,other,GENUINE_no_party_in_excerpt,000162828026012560,https://www.sec.gov/Archives/edgar/data/1552797/000162828026012560/dkl-ex991xearningsreleasex.htm
adjudication:ddda3961f483ee90,CAMDEN PROPERTY TRUST,1200000000.0,424B,GENUINE_no_party_in_excerpt,000119312526057496,https://www.sec.gov/Archives/edgar/data/906345/000119312526057496/d90582d424b5.htm
adjudication:c602b73b8d3b20a8,Talen Energy Corp,1200000000.0,other,GENUINE_no_party_in_excerpt,000162253626000007,https://www.sec.gov/Archives/edgar/data/1622536/000162253626000007/ex995q32025proformafinanci.htm
adjudication:cc64229b11b7400e,"Delek Logistics Partners, LP",1200000000.0,other,GENUINE_no_party_in_excerpt,000155279725000093,https://www.sec.gov/Archives/edgar/data/1552797/000155279725000093/dkl-ex991xearningsreleasex.htm
adjudication:54e012541a5d8652,CAMDEN PROPERTY TRUST,1200000000.0,other,GENUINE_no_party_in_excerpt,000162828026028942,https://www.sec.gov/Archives/edgar/data/906345/000162828026028942/exhibit991earningsrelease1.htm
adjudication:0dde3c9f51dab4fd,CAMDEN PROPERTY TRUST,1200000000.0,424B,GENUINE_no_party_in_excerpt,000119312526053191,https://www.sec.gov/Archives/edgar/data/906345/000119312526053191/d90582d424b3.htm
adjudication:51fcd6dfc92925ec,"Evergy, Inc.",1200000000.0,other,GENUINE_no_party_in_excerpt,000119312523288787,https://www.sec.gov/Archives/edgar/data/1711269/000119312523288787/d521162dex991.htm
adjudication:37293ae6593964b3,Talen Energy Corp,1200000000.0,other,GENUINE_no_party_in_excerpt,000162253625000023,https://www.sec.gov/Archives/edgar/data/1622536/000162253625000023/tln-20251027.htm
adjudication:e7ea911a1235ad58,AECOM,1200000000.0,8-K,GENUINE_no_party_in_excerpt,000110465925069601,https://www.sec.gov/Archives/edgar/data/868857/000110465925069601/tm2520562d2_8k.htm
adjudication:639a9eec1bda969a,"ESSEX PROPERTY TRUST, INC.",1200000000.0,other,GENUINE_no_party_in_excerpt,000114036125016351,https://www.sec.gov/Archives/edgar/data/920522/000114036125016351/ef20047876_ex99-1.htm
adjudication:50564f0aadc7311f,CAMDEN PROPERTY TRUST,1200000000.0,424B,GENUINE_no_party_in_excerpt,000119312526057496,https://www.sec.gov/Archives/edgar/data/906345/000119312526057496/d90582d424b5.htm
adjudication:4eae725a2b1ff86f,Allison Transmission Holdings Inc,1188000000.0,other,GENUINE_no_party_in_excerpt,000119312526106549,https://www.sec.gov/Archives/edgar/data/1411207/000119312526106549/d114759dex993.htm
adjudication:9226a4ec1a1646c1,"Starwood Real Estate Income Trust, Inc.",1188000000.0,other,GENUINE_no_party_in_excerpt,000095017025086059,https://www.sec.gov/Archives/edgar/data/1711929/000095017025086059/ck0001711929-ex99_1.htm
adjudication:2f5f5d12410fc19c,DiamondRock Hospitality Co,1187100000.0,other,GENUINE_no_party_in_excerpt,000129894625000073,https://www.sec.gov/Archives/edgar/data/1298946/000129894625000073/exhibit9912q2025.htm
adjudication:cb07f568d3395474,COLUMBUS MCKINNON CORP,1165000000.0,other,GENUINE_no_party_in_excerpt,000119312526015918,https://www.sec.gov/Archives/edgar/data/1005229/000119312526015918/d13607dex991.htm
adjudication:2aca59c747134897,"SONIDA SENIOR LIVING, INC.",1165000000.0,other,GENUINE_no_party_in_excerpt,000119312526221815,https://www.sec.gov/Archives/edgar/data/1043000/000119312526221815/d638663dex992.htm
adjudication:c0fd38b3c4622b9a,INTEGRA LIFESCIENCES HOLDINGS CORP,1160000000.0,other,GENUINE_no_party_in_excerpt,000091752025000038,https://www.sec.gov/Archives/edgar/data/917520/000091752025000038/ex991-q12025earningsrelease.htm
adjudication:fb4281a733a8be7d,INTEGRA LIFESCIENCES HOLDINGS CORP,1160000000.0,other,GENUINE_no_party_in_excerpt,000091752025000038,https://www.sec.gov/Archives/edgar/data/917520/000091752025000038/ex991-q12025earningsrelease.htm
adjudication:e0d63261565e2fc0,Crane Co,1150000000.0,other,GENUINE_no_party_in_excerpt,000194401326000009,https://www.sec.gov/Archives/edgar/data/1944013/000194401326000009/exhibit991-pressreleasexq4.htm
adjudication:1020a826a8ffc9e5,Crane Co,1150000000.0,other,GENUINE_no_party_in_excerpt,000194401326000114,https://www.sec.gov/Archives/edgar/data/1944013/000194401326000114/ex993psiacquisitionproforma.htm
adjudication:af175111b7d8bb8e,Weatherford International plc,1150000000.0,other,RE_EXTRACT_named_party_in_quote,000160392325000156,https://www.sec.gov/Archives/edgar/data/1603923/000160392325000156/a2025-q3ex991earningsrelea.htm
adjudication:3ab340fb1ae3fc59,EXELON CORP,1150000000.0,other,GENUINE_no_party_in_excerpt,000110935723000016,https://www.sec.gov/Archives/edgar/data/1109357/000110935723000016/exc-20230214ex991.htm
adjudication:b9d1fcff879e5e84,ALGONQUIN POWER & UTILITIES CORP.,1150000000.0,other,FETCH_syndicate_roster,000117416926000020,https://www.sec.gov/Archives/edgar/data/1174169/000117416926000020/a2026q1-ex991xfinancialsta.htm
adjudication:b6e15ffbbd19a5b0,ALGONQUIN POWER & UTILITIES CORP.,1150000000.0,other,FETCH_syndicate_roster,000114036126020883,https://www.sec.gov/Archives/edgar/data/1174169/000114036126020883/ef20073185_ex99-1.htm
adjudication:e7e9ec0f9ea2e989,INTEGRA LIFESCIENCES HOLDINGS CORP,1140000000.0,other,GENUINE_no_party_in_excerpt,000091752025000069,https://www.sec.gov/Archives/edgar/data/917520/000091752025000069/ex991-q22025earningsrelease.htm
adjudication:cb7867cc417127c3,INTEGRA LIFESCIENCES HOLDINGS CORP,1140000000.0,other,GENUINE_no_party_in_excerpt,000091752025000069,https://www.sec.gov/Archives/edgar/data/917520/000091752025000069/ex991-q22025earningsrelease.htm
adjudication:577aca40eaec50f6,"ALASKA AIR GROUP, INC.",1125000000.0,other,GENUINE_no_party_in_excerpt,000076642126000023,https://www.sec.gov/Archives/edgar/data/766421/000076642126000023/ex99105072026pressrelease.htm
adjudication:47fa61b0df5b85e1,Vistra Corp.,1106000000.0,other,GENUINE_no_party_in_excerpt,000119312525268033,https://www.sec.gov/Archives/edgar/data/1692819/000119312525268033/d33941dex991.htm
adjudication:dd8b6b96fc93f182,Vistra Corp.,1106000000.0,other,GENUINE_no_party_in_excerpt,000119312525268033,https://www.sec.gov/Archives/edgar/data/1692819/000119312525268033/d33941dex991.htm
adjudication:af8a286f52737522,Bally's Corp,1100000000.0,other,GENUINE_no_party_in_excerpt,000174707926000014,https://www.sec.gov/Archives/edgar/data/1747079/000174707926000014/ex991q42025earningsrelease.htm
adjudication:9f821aa62956e638,SFL Corp Ltd.,1100000000.0,other,GENUINE_no_party_in_excerpt,000128987724000050,https://www.sec.gov/Archives/edgar/data/1289877/000128987724000050/sfl-q32024earningsreleasef.htm
adjudication:47a1af4298ea10e3,"ALASKA AIR GROUP, INC.",1100000000.0,other,GENUINE_no_party_in_excerpt,000076642126000015,https://www.sec.gov/Archives/edgar/data/766421/000076642126000015/ex9914202026earningsrelease.htm
adjudication:6bac13017e18fd37,"Delek US Holdings, Inc.",1100000000.0,other,GENUINE_no_party_in_excerpt,000162828026028089,https://www.sec.gov/Archives/edgar/data/1694426/000162828026028089/dk-ex991earningsreleasex03.htm
adjudication:8ee1be9194c060f1,"Delek Logistics Partners, LP",1100000000.0,other,GENUINE_no_party_in_excerpt,000155279725000093,https://www.sec.gov/Archives/edgar/data/1552797/000155279725000093/dkl-ex991xearningsreleasex.htm
adjudication:1bb2d3fc8c7a998d,KILROY REALTY CORP,1100000000.0,other,GENUINE_no_party_in_excerpt,000162828026006492,https://www.sec.gov/Archives/edgar/data/1025996/000162828026006492/exhibit991.htm
adjudication:e372010d6b63ab1b,Cooper-Standard Holdings Inc.,1100000000.0,other,GENUINE_no_party_in_excerpt,000132046126000036,https://www.sec.gov/Archives/edgar/data/1320461/000132046126000036/exhibit991pressreleasebond.htm
adjudication:3e3b026b1c97a875,Bally's Corp,1100000000.0,other,GENUINE_no_party_in_excerpt,000121390025118976,https://www.sec.gov/Archives/edgar/data/1747079/000121390025118976/ea026879301ex99-1_ballys.htm
adjudication:9783676f5c523ec2,"Delek Logistics Partners, LP",1100000000.0,other,GENUINE_no_party_in_excerpt,000162828026028090,https://www.sec.gov/Archives/edgar/data/1552797/000162828026028090/dkl-ex991xearningsreleasex.htm
adjudication:f895bb6d088f9df8,"ALASKA AIR GROUP, INC.",1100000000.0,other,GENUINE_no_party_in_excerpt,000076642126000015,https://www.sec.gov/Archives/edgar/data/766421/000076642126000015/ex9914202026earningsrelease.htm
adjudication:e3340147c3f0d4a5,RANGE RESOURCES CORP,1100000000.0,other,GENUINE_no_party_in_excerpt,000119312525256135,https://www.sec.gov/Archives/edgar/data/315852/000119312525256135/rrc-ex99_1.htm
adjudication:bcc40da17e9235bb,GULFPORT ENERGY CORP,1100000000.0,other,GENUINE_no_party_in_excerpt,000121390026052198,https://www.sec.gov/Archives/edgar/data/874499/000121390026052198/ea028912301ex99-1.htm
adjudication:1190b3618d78c377,SONOCO PRODUCTS CO,1100000000.0,other,GENUINE_no_party_in_excerpt,000009176726000019,https://www.sec.gov/Archives/edgar/data/91767/000009176726000019/ex99q12026earningsrelease.htm
adjudication:58949b9bc934a99e,SBA COMMUNICATIONS CORP,1100000000.0,other,GENUINE_no_party_in_excerpt,000119312526191545,https://www.sec.gov/Archives/edgar/data/1034054/000119312526191545/d49075dex991.htm
adjudication:5086de91f1430e2f,PILGRIMS PRIDE CORP,1100000000.0,other,GENUINE_no_party_in_excerpt,000080248125000021,https://www.sec.gov/Archives/edgar/data/802481/000080248125000021/ex991investordayslides.htm
adjudication:b56d84b48e9b8a22,GULFPORT ENERGY CORP,1100000000.0,other,GENUINE_no_party_in_excerpt,000121390026052198,https://www.sec.gov/Archives/edgar/data/874499/000121390026052198/ea028912301ex99-1.htm
adjudication:2d085f18047cac69,Bally's Corp,1100000000.0,other,GENUINE_no_party_in_excerpt,000174707926000044,https://www.sec.gov/Archives/edgar/data/1747079/000174707926000044/ex991q12026earningsrelease.htm
adjudication:2dcef4f2b9fe0555,KILROY REALTY CORP,1100000000.0,other,GENUINE_no_party_in_excerpt,000162828026006492,https://www.sec.gov/Archives/edgar/data/1025996/000162828026006492/exhibit991.htm
adjudication:35082312d78146ae,"Priority Technology Holdings, Inc.",1100000000.0,other,FETCH_syndicate_roster,000165355825000121,https://www.sec.gov/Archives/edgar/data/1653558/000165355825000121/ex991-prthq32025earningsre.htm
adjudication:ee7facdde5a6694d,Talen Energy Corp,1100000000.0,other,GENUINE_no_party_in_excerpt,000162253625000037,https://www.sec.gov/Archives/edgar/data/1622536/000162253625000037/ex99120251125pressreleasec.htm
adjudication:c56951758bf3ff7b,"Match Group, Inc.",1100000000.0,other,GENUINE_no_party_in_excerpt,000089110325000179,https://www.sec.gov/Archives/edgar/data/891103/000089110325000179/mtch8-k20251104ex991.htm
adjudication:ecd1175b9f39ab39,Matador Resources Co,1100000000.0,other,RE_EXTRACT_named_party_in_quote,000110465925120120,https://www.sec.gov/Archives/edgar/data/1520006/000110465925120120/tm2533173d2_ex99-1.htm
adjudication:da67272d2d31df0c,SONOCO PRODUCTS CO,1100000000.0,other,GENUINE_no_party_in_excerpt,000009176726000019,https://www.sec.gov/Archives/edgar/data/91767/000009176726000019/ex99q12026earningsrelease.htm
adjudication:ddf459dfc573f75d,"Global Net Lease, Inc.",1100000000.0,other,RE_EXTRACT_named_party_in_quote,000110465925107748,https://www.sec.gov/Archives/edgar/data/1526113/000110465925107748/tm2530202d2_ex99-1.htm
adjudication:0e451daff167d10a,Curbline Properties Corp.,1100000000.0,other,GENUINE_no_party_in_excerpt,000095017025017451,https://www.sec.gov/Archives/edgar/data/2027317/000095017025017451/curb-ex99_1.htm
adjudication:752724645d9dcfa5,Vistra Corp.,1100000000.0,other,GENUINE_no_party_in_excerpt,000119312523292081,https://www.sec.gov/Archives/edgar/data/1692819/000119312523292081/d636369dex991.htm
adjudication:bd4f9176773f6cc9,KILROY REALTY CORP,1100000000.0,other,GENUINE_no_party_in_excerpt,000162828026006492,https://www.sec.gov/Archives/edgar/data/1025996/000162828026006492/exhibit991.htm
adjudication:74a90e0c78c9c170,Vistra Corp.,1100000000.0,other,GENUINE_no_party_in_excerpt,000119312524090260,https://www.sec.gov/Archives/edgar/data/1692819/000119312524090260/d824067dex992.htm
adjudication:bd0ac7825441ac43,"Lumen Technologies, Inc.",1100000000.0,8-K,RE_EXTRACT_named_party_in_quote,000119312523079847,https://www.sec.gov/Archives/edgar/data/18926/000119312523079847/d467138d8k.htm
adjudication:41b98eda43eeefa3,"Goldman Sachs BDC, Inc.",1069300000.0,other,GENUINE_no_party_in_excerpt,000119312524253310,https://www.sec.gov/Archives/edgar/data/1572694/000119312524253310/d862485dex991.htm
adjudication:8c2160dcd8a4dffd,"Barings BDC, Inc.",1065000000.0,other,GENUINE_no_party_in_excerpt,000137978524000064,https://www.sec.gov/Archives/edgar/data/1379785/000137978524000064/exhibit99120241106earnings.htm
adjudication:ec12860c4e3f66e0,"Barings BDC, Inc.",1065000000.0,other,GENUINE_no_party_in_excerpt,000137978524000064,https://www.sec.gov/Archives/edgar/data/1379785/000137978524000064/exhibit99120241106earnings.htm
adjudication:57e8207c8c1c8d9c,SS&C Technologies Holdings Inc,1050000000.0,other,GENUINE_no_party_in_excerpt,000119312525238996,https://www.sec.gov/Archives/edgar/data/1402436/000119312525238996/ssnc-ex99_1.htm
adjudication:91085d84d7995386,"Venture Global, Inc.",1050000000.0,other,RE_EXTRACT_named_party_in_quote,000200785525000056,https://www.sec.gov/Archives/edgar/data/2007855/000200785525000056/vg-20250929.htm
adjudication:6c17675befefe2fc,ARES CAPITAL CORP,1035000000.0,424B,GENUINE_no_party_in_excerpt,000110465926050629,https://www.sec.gov/Archives/edgar/data/1287750/000110465926050629/arcc-20260428x424b2.htm
adjudication:bff4028f5eb7466b,ARES CAPITAL CORP,1035000000.0,424B,GENUINE_no_party_in_excerpt,000110465926056291,https://www.sec.gov/Archives/edgar/data/1287750/000110465926056291/arcc-20260504x424b2.htm
adjudication:a7aeb634a45e6668,SS&C Technologies Holdings Inc,1030000000.0,other,GENUINE_no_party_in_excerpt,000095017025097888,https://www.sec.gov/Archives/edgar/data/1402436/000095017025097888/ssnc-ex99_2.htm
adjudication:9b190b8e6e02822c,SS&C Technologies Holdings Inc,1030000000.0,other,GENUINE_no_party_in_excerpt,000119312525248806,https://www.sec.gov/Archives/edgar/data/1402436/000119312525248806/ssnc-ex99_2.htm
adjudication:97ed82c9e21d06b8,GLOBAL PAYMENTS INC,1021000000.0,424B,GENUINE_no_party_in_excerpt,000110465926024776,https://www.sec.gov/Archives/edgar/data/1123360/000110465926024776/tm267259-2_424b5.htm
adjudication:0ea50eb2ee8d6af4,GLOBAL PAYMENTS INC,1021000000.0,424B,GENUINE_no_party_in_excerpt,000110465926023872,https://www.sec.gov/Archives/edgar/data/1123360/000110465926023872/tm267259-1_424b5.htm
adjudication:7bf94930ef3506fd,GLOBAL PAYMENTS INC,1021000000.0,424B,GENUINE_no_party_in_excerpt,000110465926023872,https://www.sec.gov/Archives/edgar/data/1123360/000110465926023872/tm267259-1_424b5.htm
adjudication:45e3fc323212f191,GLOBAL PAYMENTS INC,1021000000.0,424B,GENUINE_no_party_in_excerpt,000110465926024776,https://www.sec.gov/Archives/edgar/data/1123360/000110465926024776/tm267259-2_424b5.htm
adjudication:7f11ebefb47c5ada,"Goldman Sachs BDC, Inc.",1020000000.0,other,GENUINE_no_party_in_excerpt,000119312525039442,https://www.sec.gov/Archives/edgar/data/1572694/000119312525039442/d904519dex991.htm
adjudication:c3831a4a62726057,"Goldman Sachs BDC, Inc.",1020000000.0,other,GENUINE_no_party_in_excerpt,000119312525039442,https://www.sec.gov/Archives/edgar/data/1572694/000119312525039442/d904519dex991.htm
adjudication:86c3af7db0a2ea9a,"CoreWeave, Inc.",1000000000.0,other,GENUINE_no_party_in_excerpt,000176962826000183,https://www.sec.gov/Archives/edgar/data/1769628/000176962826000183/crwv-20260416.htm
adjudication:a1ea97bf194d850f,Fidelity Solana Fund,1000000000.0,other,GENUINE_no_party_in_excerpt,000119312525256647,https://www.sec.gov/Archives/edgar/data/2063380/000119312525256647/d941170ds1a.htm
adjudication:64d3b604392a11c8,"Delek Logistics Partners, LP",1000000000.0,other,GENUINE_no_party_in_excerpt,000162828025050410,https://www.sec.gov/Archives/edgar/data/1552797/000162828025050410/dkl-ex991xearningsreleasex.htm
adjudication:f1dcbd528e54eed1,Uniti Group Inc.,1000000000.0,8-K,GENUINE_no_party_in_excerpt,000095010325012239,https://www.sec.gov/Archives/edgar/data/2020795/000095010325012239/dp234910_8k.htm
adjudication:9aec14b0a788d5e6,"Merck & Co., Inc.",1000000000.0,other,GENUINE_no_party_in_excerpt,000162828026036914,https://www.sec.gov/Archives/edgar/data/310158/000162828026036914/merck-prospectussupplement.htm
adjudication:1a164a17f934e2db,"United Airlines Holdings, Inc.",1000000000.0,424B,GENUINE_no_party_in_excerpt,000110465926009511,https://www.sec.gov/Archives/edgar/data/100517/000110465926009511/tm263646-6_424b3.htm
adjudication:77ffba73c713289f,Uniti Group Inc.,1000000000.0,8-K,GENUINE_no_party_in_excerpt,000095010326000809,https://www.sec.gov/Archives/edgar/data/2020795/000095010326000809/dp240280_8k-pricing.htm
adjudication:b60d579dc3f28f9e,Sentinel Holdings Ltd.,1000000000.0,other,GENUINE_no_party_in_excerpt,000109690625000657,https://www.sec.gov/Archives/edgar/data/889353/000109690625000657/sntl_s1a.htm
adjudication:953135652a9ce700,"Global Net Lease, Inc.",1000000000.0,other,GENUINE_no_party_in_excerpt,000110465925074729,https://www.sec.gov/Archives/edgar/data/1526113/000110465925074729/tm2522631d1_ex99-1.htm
adjudication:379a7af471f74f9c,APi Group Corp,1000000000.0,other,GENUINE_no_party_in_excerpt,000119312526229096,https://www.sec.gov/Archives/edgar/data/1796209/000119312526229096/d69397dex991.htm
adjudication:2315174019ff7b65,COGNIZANT TECHNOLOGY SOLUTIONS CORP,1000000000.0,other,GENUINE_no_party_in_excerpt,000105829026000018,https://www.sec.gov/Archives/edgar/data/1058290/000105829026000018/exhibit99151726.htm
adjudication:726246d76f38940b,ROYAL GOLD INC,1000000000.0,other,GENUINE_no_party_in_excerpt,000008553525000112,https://www.sec.gov/Archives/edgar/data/85535/000008553525000112/ex991pressreleasedatedaugu.htm
adjudication:38bd218a2ae9b11d,APi Group Corp,1000000000.0,8-K,GENUINE_no_party_in_excerpt,000119312526214754,https://www.sec.gov/Archives/edgar/data/1796209/000119312526214754/d43991d8k.htm
adjudication:0866f50c96bd0dde,DYCOM INDUSTRIES INC,1000000000.0,other,GENUINE_no_party_in_excerpt,000006721525000075,https://www.sec.gov/Archives/edgar/data/67215/000006721525000075/dy-20251118.htm
adjudication:807c3da454d16d81,MKS INC,1000000000.0,other,GENUINE_no_party_in_excerpt,000119312526054841,https://www.sec.gov/Archives/edgar/data/1049502/000119312526054841/mksi-ex99_1.htm
adjudication:d9ac18c589238903,ESAB Corp,1000000000.0,8-K,GENUINE_no_party_in_excerpt,000121390026010528,https://www.sec.gov/Archives/edgar/data/1877322/000121390026010528/ea0274989-8k_esab.htm
adjudication:5826a765143b9ba2,Energy Transfer LP,1000000000.0,other,GENUINE_no_party_in_excerpt,000127618726000021,https://www.sec.gov/Archives/edgar/data/1276187/000127618726000021/ex991eterq12026.htm
adjudication:1ab2060eef2c8d71,ARES CAPITAL CORP,1000000000.0,other,GENUINE_no_party_in_excerpt,000110465925087467,https://www.sec.gov/Archives/edgar/data/1287750/000110465925087467/arcc-20250902xn2.htm
adjudication:a89c50721d2471be,DYCOM INDUSTRIES INC,1000000000.0,8-K,GENUINE_no_party_in_excerpt,000119312525291378,https://www.sec.gov/Archives/edgar/data/67215/000119312525291378/d82388d8ka.htm
adjudication:ea544664fcaba899,ARES CAPITAL CORP,1000000000.0,424B,GENUINE_no_party_in_excerpt,000110465926001756,https://www.sec.gov/Archives/edgar/data/1287750/000110465926001756/arcc-20250902x424b2.htm
adjudication:43b370bfb4ad6e7c,PACKAGING CORP OF AMERICA,1000000000.0,other,GENUINE_no_party_in_excerpt,000119312525153436,https://www.sec.gov/Archives/edgar/data/75677/000119312525153436/d864746dex992.htm
adjudication:42db0e66b8cb6f77,MKS INC,1000000000.0,other,GENUINE_no_party_in_excerpt,000119312526054841,https://www.sec.gov/Archives/edgar/data/1049502/000119312526054841/mksi-ex99_1.htm
adjudication:e6dc13ff90eded93,"WYNDHAM HOTELS & RESORTS, INC.",1000000000.0,other,GENUINE_no_party_in_excerpt,000172268426000057,https://www.sec.gov/Archives/edgar/data/1722684/000172268426000057/exhibit9912026331.htm
adjudication:bb0fc03fb2dd6157,"CORPAY, INC.",1000000000.0,other,GENUINE_no_party_in_excerpt,000117545426000010,https://www.sec.gov/Archives/edgar/data/1175454/000117545426000010/ex993corpayproformas.htm
adjudication:53a884c880764051,Uniti Group Inc.,1000000000.0,other,GENUINE_no_party_in_excerpt,000162828026013006,https://www.sec.gov/Archives/edgar/data/2020795/000162828026013006/unit-ex991202510xk.htm
adjudication:8eed0cc83adc9d2b,GE Vernova Inc.,1000000000.0,EX-4_exhibit,GENUINE_no_party_in_excerpt,000114036126003735,https://www.sec.gov/Archives/edgar/data/1996810/000114036126003735/ef20064707_ex4-2.htm
adjudication:b70fa8d3c842e2fb,"Priority Technology Holdings, Inc.",1000000000.0,other,GENUINE_no_party_in_excerpt,000165355825000091,https://www.sec.gov/Archives/edgar/data/1653558/000165355825000091/ex991pressreleasetermloan7.htm
adjudication:c9cc0b5b565db14c,"CORPAY, INC.",1000000000.0,other,GENUINE_no_party_in_excerpt,000117545426000010,https://www.sec.gov/Archives/edgar/data/1175454/000117545426000010/ex993corpayproformas.htm
adjudication:4cd0df88a552fd74,Callaway Golf Co,1000000000.0,other,GENUINE_no_party_in_excerpt,000083746526000003,https://www.sec.gov/Archives/edgar/data/837465/000083746526000003/exhibit992tgsalepro-forma.htm
adjudication:72665c604e90a359,"Amentum Holdings, Inc.",1000000000.0,other,GENUINE_no_party_in_excerpt,000162828026033648,https://www.sec.gov/Archives/edgar/data/2011286/000162828026033648/exhibit991-may112026.htm
adjudication:4b5cfcf1cb3685a1,"ESSENTIAL PROPERTIES REALTY TRUST, INC.",1000000000.0,other,GENUINE_no_party_in_excerpt,000172895125000161,https://www.sec.gov/Archives/edgar/data/1728951/000172895125000161/investorsept2025ex991.htm
adjudication:a30d5f9d4c0c71cf,NextDecade Corp,1000000000.0,EX-10_exhibit,GENUINE_no_party_in_excerpt,000161272026000009,https://www.sec.gov/Archives/edgar/data/1612720/000161272026000009/ex1093-4q25.htm
adjudication:7bfe06057c5db53e,TWO HARBORS INVESTMENT CORP.,1000000000.0,other,GENUINE_no_party_in_excerpt,000110465926035663,https://www.sec.gov/Archives/edgar/data/1465740/000110465926035663/tm269980d1_ex2-1.htm
adjudication:9a5453ca332ac857,APi Group Corp,1000000000.0,other,GENUINE_no_party_in_excerpt,000119312526229096,https://www.sec.gov/Archives/edgar/data/1796209/000119312526229096/d69397dex991.htm
adjudication:819d633bf90c0b25,"Amentum Holdings, Inc.",1000000000.0,other,GENUINE_no_party_in_excerpt,000162828026033648,https://www.sec.gov/Archives/edgar/data/2011286/000162828026033648/exhibit991-may112026.htm
adjudication:7fcc34b0960ceb2b,ROYAL CARIBBEAN CRUISES LTD,1000000000.0,424B,GENUINE_no_party_in_excerpt,000110465926013935,https://www.sec.gov/Archives/edgar/data/884887/000110465926013935/tm265975-1_424b5.htm
adjudication:e5870f7965fb3091,"Coeur Mining, Inc.",1000000000.0,other,GENUINE_no_party_in_excerpt,000114036126010650,https://www.sec.gov/Archives/edgar/data/215466/000114036126010650/ef20066748_ex99-1.htm
adjudication:1c6fb54f330d0c2c,Uniti Group Inc.,1000000000.0,other,GENUINE_no_party_in_excerpt,000162828025048540,https://www.sec.gov/Archives/edgar/data/2020795/000162828025048540/unit-ex9913q25xnu.htm
adjudication:6ccfdf9c557c242a,HONEYWELL INTERNATIONAL INC,1000000000.0,other,GENUINE_no_party_in_excerpt,000119312526095179,https://www.sec.gov/Archives/edgar/data/773840/000119312526095179/d71810dex991.htm
adjudication:f895e17c22b9f729,TransUnion,1000000000.0,other,GENUINE_no_party_in_excerpt,000155203326000006,https://www.sec.gov/Archives/edgar/data/1552033/000155203326000006/exhibit99112312025.htm
adjudication:4a838dd328586715,ROYAL GOLD INC,1000000000.0,other,GENUINE_no_party_in_excerpt,000008553525000112,https://www.sec.gov/Archives/edgar/data/85535/000008553525000112/ex992investorpresentatio.htm
adjudication:6d7d78d2ab405e4e,Bunge Global SA,1000000000.0,other,GENUINE_no_party_in_excerpt,000110465926029042,https://www.sec.gov/Archives/edgar/data/1996862/000110465926029042/tm268104d2_ex99-1.htm
adjudication:c1e04a6ce1967c91,"Match Group, Inc.",1000000000.0,other,GENUINE_no_party_in_excerpt,000089110326000072,https://www.sec.gov/Archives/edgar/data/891103/000089110326000072/mtch8-k20260505ex991.htm
adjudication:e94f2d9ff1eda658,"Global Net Lease, Inc.",1000000000.0,other,GENUINE_no_party_in_excerpt,000110465925075207,https://www.sec.gov/Archives/edgar/data/1526113/000110465925075207/tm2522632d1_ex99-1.htm
adjudication:8ad73312b131fb3d,"EURONET WORLDWIDE, INC.",1000000000.0,other,GENUINE_no_party_in_excerpt,000155485525001886,https://www.sec.gov/Archives/edgar/data/1029199/000155485525001886/ex991_1.htm
adjudication:d1e75f21a845edb9,CONAGRA BRANDS INC.,1000000000.0,424B,GENUINE_no_party_in_excerpt,000110465925067959,https://www.sec.gov/Archives/edgar/data/23217/000110465925067959/tm2517933-1_424b5.htm
adjudication:7f9e15fa0b107790,COGNIZANT TECHNOLOGY SOLUTIONS CORP,1000000000.0,other,GENUINE_no_party_in_excerpt,000105829026000018,https://www.sec.gov/Archives/edgar/data/1058290/000105829026000018/exhibit99151726.htm
adjudication:27ae148918e696ee,COMMERCIAL METALS Co,1000000000.0,other,GENUINE_no_party_in_excerpt,000119312525276043,https://www.sec.gov/Archives/edgar/data/22444/000119312525276043/d933510dex993.htm
adjudication:c2fc0914472bce85,TransUnion,1000000000.0,other,GENUINE_no_party_in_excerpt,000155203326000006,https://www.sec.gov/Archives/edgar/data/1552033/000155203326000006/exhibit99112312025.htm
adjudication:2c566a0634aad433,Athene Holding Ltd.,1000000000.0,424B,GENUINE_no_party_in_excerpt,000119312525121684,https://www.sec.gov/Archives/edgar/data/1527469/000119312525121684/d41474d424b2.htm
adjudication:d4d8b65df02e1742,"Global Net Lease, Inc.",1000000000.0,other,GENUINE_no_party_in_excerpt,000110465926057164,https://www.sec.gov/Archives/edgar/data/1526113/000110465926057164/tm2613446d3_ex99-1.htm
adjudication:2a5847305a2f335e,Hilton Worldwide Holdings Inc.,1000000000.0,other,GENUINE_no_party_in_excerpt,000119312526217102,https://www.sec.gov/Archives/edgar/data/1585689/000119312526217102/d144789dex991.htm
adjudication:31666959ddf2cbd7,ALLIANT ENERGY CORP,1000000000.0,8-K,GENUINE_no_party_in_excerpt,000119312526116244,https://www.sec.gov/Archives/edgar/data/352541/000119312526116244/d131241d8k.htm
adjudication:661d8e2bfbd333c9,Fidelity Solana Fund,1000000000.0,other,GENUINE_no_party_in_excerpt,000119312525220810,https://www.sec.gov/Archives/edgar/data/2063380/000119312525220810/d941170ds1a.htm
adjudication:81119d4013c0620d,"Priority Technology Holdings, Inc.",1000000000.0,other,GENUINE_no_party_in_excerpt,000165355825000091,https://www.sec.gov/Archives/edgar/data/1653558/000165355825000091/ex991pressreleasetermloan7.htm
adjudication:fdc215a27a1268ea,"Coeur Mining, Inc.",1000000000.0,other,GENUINE_no_party_in_excerpt,000114036126010650,https://www.sec.gov/Archives/edgar/data/215466/000114036126010650/ef20066748_ex99-1.htm
adjudication:9210f7ab314002f0,"ESSENTIAL PROPERTIES REALTY TRUST, INC.",1000000000.0,other,GENUINE_no_party_in_excerpt,000172895125000161,https://www.sec.gov/Archives/edgar/data/1728951/000172895125000161/investorsept2025ex991.htm
adjudication:358c88cfb6f130ed,MCKESSON CORP,1000000000.0,other,GENUINE_no_party_in_excerpt,000092765326000066,https://www.sec.gov/Archives/edgar/data/927653/000092765326000066/mck_exhibit991x3312026.htm
adjudication:968797094c357636,WYNN RESORTS LTD,1000000000.0,other,GENUINE_no_party_in_excerpt,000117492225000111,https://www.sec.gov/Archives/edgar/data/1174922/000117492225000111/ex991wrlq22025pressrelease.htm
adjudication:87e1806b969b4dea,Hilton Worldwide Holdings Inc.,1000000000.0,other,GENUINE_no_party_in_excerpt,000119312526217102,https://www.sec.gov/Archives/edgar/data/1585689/000119312526217102/d144789dex991.htm
adjudication:f444a7f957a25a9d,"Global Net Lease, Inc.",1000000000.0,other,RE_EXTRACT_named_party_in_quote,000110465925107748,https://www.sec.gov/Archives/edgar/data/1526113/000110465925107748/tm2530202d2_ex99-1.htm
adjudication:7206664cf03510a7,Brookfield Asset Management Ltd.,1000000000.0,other,GENUINE_no_party_in_excerpt,000110465926010078,https://www.sec.gov/Archives/edgar/data/1937926/000110465926010078/tm264986d1_ex99-1.htm
adjudication:01f29e2b9e2be248,"Match Group, Inc.",1000000000.0,other,GENUINE_no_party_in_excerpt,000089110326000020,https://www.sec.gov/Archives/edgar/data/891103/000089110326000020/mtch8-k20260203ex991.htm
adjudication:4db8e1a76777d36a,TransDigm Group INC,1000000000.0,other,GENUINE_no_party_in_excerpt,000126022126000039,https://www.sec.gov/Archives/edgar/data/1260221/000126022126000039/exhibit991tdg2026q2earning.htm
adjudication:3db856357bbb6e01,Athene Holding Ltd.,1000000000.0,424B,GENUINE_no_party_in_excerpt,000119312525119438,https://www.sec.gov/Archives/edgar/data/1527469/000119312525119438/d41474d424b5.htm
adjudication:c64ce130fe7c90e8,MKS INC,1000000000.0,other,GENUINE_no_party_in_excerpt,000119312526209140,https://www.sec.gov/Archives/edgar/data/1049502/000119312526209140/mksi-ex99_1.htm
adjudication:a6e8a89b5fa51ca5,Sunoco LP,1000000000.0,other,GENUINE_no_party_in_excerpt,000155227525000040,https://www.sec.gov/Archives/edgar/data/1552275/000155227525000040/ex991sunerq12025.htm
adjudication:e4e832a7e6f4aa88,MCKESSON CORP,1000000000.0,other,GENUINE_no_party_in_excerpt,000092765326000066,https://www.sec.gov/Archives/edgar/data/927653/000092765326000066/mck_exhibit991x3312026.htm
adjudication:41598bb79ecdccd7,Energy Transfer LP,1000000000.0,8-K,GENUINE_no_party_in_excerpt,000119312526011876,https://www.sec.gov/Archives/edgar/data/1276187/000119312526011876/d91877d8k.htm
adjudication:f9d85d2792d61b78,APi Group Corp,1000000000.0,other,GENUINE_no_party_in_excerpt,000119312526214754,https://www.sec.gov/Archives/edgar/data/1796209/000119312526214754/d43991dex991.htm
adjudication:1edaa8bfa8da1014,CARDINAL HEALTH INC,1000000000.0,424B,GENUINE_no_party_in_excerpt,000119312525181002,https://www.sec.gov/Archives/edgar/data/721371/000119312525181002/d42072d424b5.htm
adjudication:060f09f7a75d6031,TEXTRON INC,1000000000.0,424B,GENUINE_no_party_in_excerpt,000110465925103671,https://www.sec.gov/Archives/edgar/data/217346/000110465925103671/tm2529285-2_424b2.htm
adjudication:795576d05324f1c4,Fidelity Solana Fund,1000000000.0,other,GENUINE_no_party_in_excerpt,000119312525220810,https://www.sec.gov/Archives/edgar/data/2063380/000119312525220810/d941170ds1a.htm
adjudication:6143e7e0d7f744ce,TWO HARBORS INVESTMENT CORP.,1000000000.0,other,GENUINE_no_party_in_excerpt,000110465926035663,https://www.sec.gov/Archives/edgar/data/1465740/000110465926035663/tm269980d1_ex2-1.htm
adjudication:2a2acd53d506edcc,"Compass, Inc.",1000000000.0,other,GENUINE_no_party_in_excerpt,000156319026000019,https://www.sec.gov/Archives/edgar/data/1563190/000156319026000019/comp-20260109.htm
adjudication:9df43ce6bba024f5,Sabre Corp,1000000000.0,other,GENUINE_no_party_in_excerpt,000119312525297273,https://www.sec.gov/Archives/edgar/data/1597033/000119312525297273/d39324dex992.htm
adjudication:d2f592c1247f4ce0,ALGONQUIN POWER & UTILITIES CORP.,1000000000.0,other,GENUINE_no_party_in_excerpt,000117416923000031,https://www.sec.gov/Archives/edgar/data/1174169/000117416923000031/a2023q1-ex995xearningspres.htm
adjudication:4c2520ebfb1a94e5,Athene Holding Ltd.,1000000000.0,424B,GENUINE_no_party_in_excerpt,000119312525121684,https://www.sec.gov/Archives/edgar/data/1527469/000119312525121684/d41474d424b2.htm
adjudication:30950bf2716b8689,Hilton Worldwide Holdings Inc.,1000000000.0,8-K,GENUINE_no_party_in_excerpt,000119312525156239,https://www.sec.gov/Archives/edgar/data/1585689/000119312525156239/d16552d8k.htm
adjudication:4416adece9d95c12,ALGONQUIN POWER & UTILITIES CORP.,1000000000.0,other,GENUINE_no_party_in_excerpt,000117416925000044,https://www.sec.gov/Archives/edgar/data/1174169/000117416925000044/a2025q2-exhibit992xmda.htm
adjudication:53e59ff63f6f1333,"Apollo Global Management, Inc.",1000000000.0,424B,RE_EXTRACT_named_party_in_quote,000119312524140081,https://www.sec.gov/Archives/edgar/data/1858681/000119312524140081/d838661d424b5.htm
adjudication:b97aa6d5c95d6599,MOLSON COORS BEVERAGE CO,1000000000.0,424B,GENUINE_no_party_in_excerpt,000110465926065781,https://www.sec.gov/Archives/edgar/data/24545/000110465926065781/tm2614729-2_424b5.htm
adjudication:fbabede1a8512026,FLOWSERVE CORP,1000000000.0,424B,GENUINE_no_party_in_excerpt,000119312526211901,https://www.sec.gov/Archives/edgar/data/30625/000119312526211901/d218914d424b5.htm
adjudication:6fa1e99f177867c7,Athene Holding Ltd.,1000000000.0,424B,GENUINE_no_party_in_excerpt,000119312525145380,https://www.sec.gov/Archives/edgar/data/1527469/000119312525145380/d871019d424b5.htm
adjudication:4ddf97254637d9ca,"Merck & Co., Inc.",1000000000.0,other,GENUINE_no_party_in_excerpt,000162828026036914,https://www.sec.gov/Archives/edgar/data/310158/000162828026036914/merck-prospectussupplement.htm
adjudication:4230a54b563fae0c,ESAB Corp,1000000000.0,8-K,GENUINE_no_party_in_excerpt,000121390026010528,https://www.sec.gov/Archives/edgar/data/1877322/000121390026010528/ea0274989-8k_esab.htm
adjudication:540d76f11b13d4ed,"ESSENTIAL PROPERTIES REALTY TRUST, INC.",1000000000.0,other,GENUINE_no_party_in_excerpt,000172895125000161,https://www.sec.gov/Archives/edgar/data/1728951/000172895125000161/investorsept2025ex991.htm
adjudication:fae5e55a9b08f86c,"United Airlines Holdings, Inc.",1000000000.0,424B,GENUINE_no_party_in_excerpt,000110465926009511,https://www.sec.gov/Archives/edgar/data/100517/000110465926009511/tm263646-6_424b3.htm
adjudication:a3d3962b8ccf0494,Athene Holding Ltd.,1000000000.0,424B,GENUINE_no_party_in_excerpt,000119312525119438,https://www.sec.gov/Archives/edgar/data/1527469/000119312525119438/d41474d424b5.htm
adjudication:6b2822aad12dc374,APi Group Corp,1000000000.0,8-K,GENUINE_no_party_in_excerpt,000119312526214754,https://www.sec.gov/Archives/edgar/data/1796209/000119312526214754/d43991d8k.htm
adjudication:6a252c51c0bbbb35,Uniti Group Inc.,1000000000.0,8-K,GENUINE_no_party_in_excerpt,000095010325012239,https://www.sec.gov/Archives/edgar/data/2020795/000095010325012239/dp234910_8k.htm
adjudication:34e8166a29bc248c,FLOWSERVE CORP,1000000000.0,424B,GENUINE_no_party_in_excerpt,000119312526205208,https://www.sec.gov/Archives/edgar/data/30625/000119312526205208/d218914d424b2.htm
adjudication:88c423b10aca6a15,"Broadstone Net Lease, Inc.",1000000000.0,other,GENUINE_no_party_in_excerpt,000095017025080013,https://www.sec.gov/Archives/edgar/data/1424182/000095017025080013/bnl-ex99_1.htm
adjudication:91e838efb125c922,Hilton Worldwide Holdings Inc.,1000000000.0,8-K,GENUINE_no_party_in_excerpt,000119312526217102,https://www.sec.gov/Archives/edgar/data/1585689/000119312526217102/d144789d8k.htm
adjudication:10975f76bb962ee6,Athene Holding Ltd.,1000000000.0,424B,GENUINE_no_party_in_excerpt,000119312524234774,https://www.sec.gov/Archives/edgar/data/1527469/000119312524234774/d889962d424b2.htm
adjudication:89bd5dbdd1d93905,CONOCOPHILLIPS,1000000000.0,424B,GENUINE_no_party_in_excerpt,000110465924122389,https://www.sec.gov/Archives/edgar/data/1163165/000110465924122389/tm2429192-1_424b5.htm
adjudication:966bf348f0431640,ALGONQUIN POWER & UTILITIES CORP.,1000000000.0,other,GENUINE_no_party_in_excerpt,000117416923000031,https://www.sec.gov/Archives/edgar/data/1174169/000117416923000031/a2023q1-exhibit992xmda.htm
adjudication:f83a6618b768a300,Athene Holding Ltd.,1000000000.0,424B,GENUINE_no_party_in_excerpt,000119312525149019,https://www.sec.gov/Archives/edgar/data/1527469/000119312525149019/d871019d424b2.htm
adjudication:93f8294c3df4d112,ALGONQUIN POWER & UTILITIES CORP.,1000000000.0,other,GENUINE_no_party_in_excerpt,000117416925000025,https://www.sec.gov/Archives/edgar/data/1174169/000117416925000025/a2025q1-exhibit992xmda.htm
adjudication:bd1130ecc1cba40c,Fidelity Solana Fund,1000000000.0,other,GENUINE_no_party_in_excerpt,000119312525256647,https://www.sec.gov/Archives/edgar/data/2063380/000119312525256647/d941170ds1a.htm
adjudication:382c56f3277422c2,ALGONQUIN POWER & UTILITIES CORP.,1000000000.0,other,FETCH_syndicate_roster,000117416923000043,https://www.sec.gov/Archives/edgar/data/1174169/000117416923000043/a2023q2-exhibit992xmda.htm
adjudication:d50b706b0244be3e,ALGONQUIN POWER & UTILITIES CORP.,1000000000.0,other,FETCH_syndicate_roster,000117416926000020,https://www.sec.gov/Archives/edgar/data/1174169/000117416926000020/a2026q1-exhibit992xmda.htm
adjudication:07558c284a2d3f96,CONSUMERS ENERGY CO,1000000000.0,EX-10_exhibit,GENUINE_no_party_in_excerpt,000110465923003371,https://www.sec.gov/Archives/edgar/data/201533/000110465923003371/tm233239d1_ex10-1.htm
adjudication:0b3e908bb92468c3,ROYAL CARIBBEAN CRUISES LTD,1000000000.0,other,GENUINE_no_party_in_excerpt,000110465924099993,https://www.sec.gov/Archives/edgar/data/884887/000110465924099993/tm2424072d1_ex99-1.htm
adjudication:1ea4554c430ecc9a,Athene Holding Ltd.,1000000000.0,424B,GENUINE_no_party_in_excerpt,000119312524233394,https://www.sec.gov/Archives/edgar/data/1527469/000119312524233394/d889962d424b5.htm
adjudication:049b19eee4214930,"Apollo Global Management, Inc.",1000000000.0,424B,GENUINE_no_party_in_excerpt,000119312524231675,https://www.sec.gov/Archives/edgar/data/1858681/000119312524231675/d871941d424b5.htm
adjudication:0838551fd2ff0352,ALGONQUIN POWER & UTILITIES CORP.,1000000000.0,other,GENUINE_no_party_in_excerpt,000114036123025790,https://www.sec.gov/Archives/edgar/data/1174169/000114036123025790/brhc20053046_ex99-1.htm
adjudication:f5091c78c8ac36aa,Howmet Aerospace Inc.,1000000000.0,424B,GENUINE_no_party_in_excerpt,000110465925105330,https://www.sec.gov/Archives/edgar/data/4281/000110465925105330/tm2529806-1_424b5.htm
